,Title,Summary,Question 1,Question 2,Question 3
0,### Title: Testimony and Evidence in the Richard Allen Case,"['', 'In the ongoing trial of Richard Allen, significant testimony has emerged regarding the evidence found at the crime scene, including a single unspent bullet and the arrangement of sticks around the victims. Defense attorneys argue that the sticks were not used to conceal the bodies but were instead arranged in a pattern that could be interpreted as intentional. The defense also suggested that the lead investigator may have been motivated by personal career interests in pursuing an arrest. Testimony from various witnesses, including law enforcement and volunteers involved in the case, has highlighted inconsistencies and the complexity of the evidence, such as the lack of definitive matches in forensic tests. The trial has garnered considerable public interest, with amateur sleuths analyzing the case through social media platforms, further complicating the narrative surrounding the investigation.', '']",1. What are your thoughts on the role of social media in shaping public perception of criminal cases like Richard Allen's?,2. How do you think the defense's strategy of questioning the motives of investigators impacts the jury's view of the evidence?,"3. In your opinion, what is the significance of the arrangement of sticks at the crime scene in relation to the overall case against Allen?"
1,### Title: Joe Rogan's Views on Trump and Political Dynamics,"['', 'In a recent interview, Joe Rogan praised the strategic management of a prominent figure, suggesting that their coaching is exceptionally effective. Despite his criticisms of Donald Trump, whom he labels a ""polarizing figure"" and an ""existential threat to democracy,"" Rogan has declined multiple opportunities to host Trump on his podcast, believing that his platform could significantly rehabilitate Trump\'s public image. Rogan has expressed that he does not support Trump and has instead voted for the Libertarian candidate in the 2020 election. Meanwhile, Trump has continued to voice strong opinions on various political issues, including immigration and the Biden administration\'s policies, often using inflammatory language. He has also commented on his own experiences, including two assassination attempts, and has made controversial statements regarding his views on other political figures, such as Robert F. Kennedy Jr. and Kamala Harris.', '']","1. What do you think are the implications of Joe Rogan's refusal to host Trump on his podcast, considering Rogan's influence in media?",2. How do you interpret Trump's rhetoric on immigration and its impact on public perception?,3. In what ways do you think the dynamics between public figures like Rogan and Trump shape the political landscape in the United States?
2,### Title: Current Political Landscape and Campaign Dynamics,"['', ""In a significant political event, Vice President Kamala Harris is set to hold a campaign rally in Houston, focusing on the impact of Texas' stringent abortion laws, alongside women affected by these regulations. Meanwhile, reports indicate that Chinese hackers have targeted phones used by Donald Trump and his running mate, JD Vance, amidst a broader breach of U.S. telecommunications. The Washington Post has announced it will not endorse any presidential candidates in the future, a decision attributed to its owner, Jeff Bezos. Additionally, federal investigators are looking into a misleading video about ballot destruction in Pennsylvania, allegedly linked to Russian actors. As early voting progresses across the nation, both Harris and Trump are intensifying their campaigns in key battleground states, with Trump making controversial remarks about immigration. The political climate is charged, with various endorsements and criticisms shaping the narrative as the election approaches."", '']","1. How do you think the recent decisions by major media outlets, like the Washington Post, will impact public perception of the upcoming election?","2. What are your thoughts on the implications of foreign interference in U.S. elections, as highlighted by the reports of hacking and misinformation?","3. How do you view the role of high-profile endorsements, such as those from celebrities, in influencing voter behavior during elections?"
3,**Title: Concerns Over Editorial Independence at The Washington Post**,"['', ""The Washington Post Guild has expressed deep concern regarding the newspaper's recent decision to cease endorsing presidential candidates, particularly so close to a significant election. The Guild's statement suggests that this decision may have been influenced by management, specifically citing the role of chief executive Will Lewis rather than the Editorial Board. This has raised alarms about potential interference in editorial independence, with staff members feeling betrayed and insulted by the implications of this change. Prominent voices within the paper, including columnist Karen Attiah and editor David Maraniss, have voiced their dismay, indicating that the institution they have dedicated their careers to is losing its commitment to democratic values and the courageous journalism it is known for."", '', ""The situation highlights a broader concern about the influence of ownership and management on journalistic integrity, especially in an era where the stakes of political elections are incredibly high. The Guild's statement reflects a call for honest discourse and a reminder of the importance of standing up for democratic principles in journalism, even amidst pressures from powerful figures."", '', '**Questions for Discussion:**']",1. How do you think the decision to stop endorsing presidential candidates will impact The Washington Post's credibility among its readers?,2. In what ways can media organizations maintain their editorial independence in the face of management or ownership pressures?,"3. What role do you believe endorsements play in shaping public opinion during elections, and should newspapers continue this practice?"
4,### The Importance of Women's Voices in the Upcoming Election,"['', 'At a recent rally in Michigan, Michelle Obama emphasized the critical role of women\'s experiences in the upcoming presidential election, warning that failure to secure the right outcome could lead to women becoming ""collateral damage"" in the face of societal anger. She highlighted the urgency of addressing the healthcare crisis affecting all Americans, while Vice President Kamala Harris underscored the importance of reproductive rights, noting that younger generations are fighting for freedoms that their mothers and grandmothers once had. The political landscape is tense, with contrasting approaches from candidates like Trump, who has made xenophobic remarks and promised aggressive immigration policies, and Democratic leaders who are focusing on unity and respect in political discourse. As the election approaches, the stakes are high, particularly for women, who are increasingly vocal about their rights and safety.', '']",1. How do you think the focus on women's rights in this election will impact voter turnout among women?,2. In what ways do you believe the political rhetoric surrounding women's issues has changed since previous elections?,3. What role do you think social media plays in shaping public perception of candidates' positions on women's rights?
5,### Title: Political Dynamics and Campaign Strategies in the 2024 Election,"['', ""Elon Musk has significantly influenced the political landscape by donating nearly $75 million to a super PAC supporting Donald Trump and actively campaigning for him in Pennsylvania. This involvement has sparked discussions among political figures, including Pennsylvania Governor and Vice President Kamala Harris, who criticized Trump's former chief of staff, John Kelly, for labeling Trump a fascist. Harris's campaign responded by emphasizing Trump's perceived threats to democracy, while Republican Senator JD Vance defended Trump against these claims. The political discourse is further complicated by internal GOP tensions, as Senate leaders like Mitch McConnell have publicly criticized Trump, prompting calls for unity among Republican candidates. Meanwhile, polling indicates a tight race between Trump and Harris, highlighting the competitive nature of the upcoming election. "", '', 'As the election approaches, various candidates and political commentators are framing their narratives around Trump’s influence and the implications of his potential second term, with Democrats portraying him as a significant threat to democratic norms. The ongoing debates and campaign strategies reflect the polarized environment as both parties prepare for a contentious electoral battle.', '']",1. How do you think Elon Musk's financial support for Trump will impact the election outcome?,2. What are the implications of internal GOP conflicts on the party's chances in the upcoming election?,3. In what ways do you believe the portrayal of Trump as a threat to democracy will resonate with voters?
6,**Title: Political Events at Madison Square Garden: A Contrast of Campaigns**,"['', ""Donald Trump's rally at Madison Square Garden marks a continuation of the venue's rich history of political events. This rally coincides with Vice President Kamala Harris's star-studded event in Houston, where celebrities like Beyoncé and Kelly Rowland showed their support for her campaign. Harris urged voters to recognize the potential dangers posed by Trump, emphasizing the importance of awareness in the political landscape. The passage also reflects on historical political moments, such as Jimmy Carter's acceptance speech, which alluded to significant events like the Vietnam War and Watergate, highlighting the tumultuous nature of American politics. "", '']",1. How do you think the presence of celebrities at political rallies influences voter perception and engagement?,2. In what ways do you believe historical political events shape current political discourse and voter sentiment?,"3. What are your thoughts on the effectiveness of contrasting campaign strategies, such as Trump's rally versus Harris's celebrity-backed event?"
7,### Title: Political Alliances and Peace Initiatives in the 2024 Election,"['', 'In a recent rally, former President Donald Trump expressed his commitment to achieving peace, highlighting his collaboration with Democratic Mayor Amer Ghalib, the first Arab American and Muslim mayor of the city, who endorsed him. Trump emphasized the importance of defeating Vice President Kamala Harris and the radical left agenda, urging voters to support him in the upcoming election. He referenced the Abraham Accords, which he brokered during his presidency, as a significant step towards fostering peaceful relations between Israel and various Arab nations. Meanwhile, Senator Bob Casey criticized his Republican opponent, Dave McCormick, for allegations of creating a toxic work environment, labeling these claims as disqualifying for his candidacy.', '']","1. How do you think Trump's approach to foreign policy, particularly the Abraham Accords, will influence voter sentiment in the upcoming election?","2. What impact do you believe endorsements from local leaders, like Mayor Amer Ghalib, have on national political campaigns?","3. In what ways do you think the allegations against candidates, such as those against Dave McCormick, affect public perception and election outcomes?"
8,### Title: Murder Charges Arise from Disturbing Evidence,"['', ""Detectives have charged Boone with murder after discovering videos on her cellphone that captured Torres pleading for help from inside a suitcase, indicating he was unable to breathe. Despite Boone's claims of being a victim of abuse and her lack of family support, the evidence presented led Orange County Circuit Judge Michael Kraynick to deny her motion. The situation highlights the complexities of domestic abuse and the tragic outcomes that can arise from such circumstances, as Boone expressed feelings of shock and confusion regarding the events that transpired."", '']","1. What are the implications of using video evidence in domestic abuse cases, and how might it affect the perception of the accused?",2. How can society better support individuals who are victims of domestic abuse to prevent tragic outcomes like this?,3. In what ways can the legal system address the complexities of cases involving both victims and perpetrators of abuse?
9,**Title: Implications of Mayor Eric Adams' Indictment for New York City**,"['', ""The article discusses the indictment of Mayor Eric Adams and its potential repercussions for New York City. It highlights the political landscape, noting that former Governor Andrew Cuomo and state Attorney General Letitia James have lower approval ratings, at 22% and 19% respectively. The situation is further complicated by legal troubles and scandals involving members of Adams's administration, many of whom are his friends or former colleagues. This context raises questions about the stability of Adams's leadership and the broader implications for governance in the city."", '']",1. How do you think the indictment of Mayor Adams will affect public trust in local government?,2. What impact do you believe the legal issues surrounding Adams's administration will have on future political candidates in New York City?,3. In what ways might this situation influence the policies and initiatives that the mayor's office pursues moving forward?
10,**Title: Recent Developments in the Israel-Iran Conflict**,"['', ""Israel has conducted a targeted strike aimed at dismantling Iran's air defense systems and military installations associated with its missile and drone programs. This military action has had tragic consequences, as highlighted by the hospital director who reported the death of his son due to Israeli shelling, expressing a desire for an end to the ongoing conflict, echoing sentiments from U.S. President Biden. In related news, Hezbollah confirmed the death of Hashem Safieddine, a key figure expected to succeed Nasrallah, while the U.S. State Department announced sanctions on six companies and vessels involved in the Iranian petroleum trade, further escalating tensions in the region."", '', '**Questions:**']",1. What impact do you think the recent Israeli strikes will have on Iran's military capabilities?,2. How do you interpret the U.S. sanctions on Iranian petroleum trade in the context of the ongoing conflict?,3. What are the potential implications of Hashem Safieddine's death for Hezbollah and its future leadership?
11,### Devastation from Tropical Storm Trami in the Philippines,"['', 'Tropical Storm Trami has wreaked havoc in the Philippines, particularly in the Batangas province, where a bridge collapsed and heavy rains led to severe flooding and landslides. The storm has forced nearly half a million people to evacuate their homes and has resulted in at least 97 confirmed deaths, with the toll expected to rise as rescue efforts continue in isolated areas. President Ferdinand Marcos Jr. has taken emergency measures, including convening military officials to coordinate disaster response and utilizing military resources for evacuations. Many residents remain stranded, with reports of people trapped on rooftops for hours. The storm has also disrupted transportation, leading to the cancellation of flights and the suspension of ferry services, leaving thousands stranded. As the storm moves towards Vietnam, cleanup efforts are underway in affected areas, although the devastation has left many families mourning their losses.', '']",1. How do you think the Philippine government can improve its disaster response strategies for future storms?,2. What role do you believe international aid should play in helping countries like the Philippines during natural disasters?,3. In what ways can communities better prepare for the impacts of climate change and extreme weather events?
12,### Title: Humanitarian Crisis in Sudan Amid Ongoing Conflict,"['', ""In Sudan's Gezira state, a recent surge of violence attributed to the paramilitary Rapid Support Forces (RSF) has resulted in numerous civilian casualties and the displacement of thousands. The RSF has been engaged in a protracted conflict with the army, and recent reports indicate that they have successfully repelled army attempts to regain control of the town of Tamboul. Civilians have faced retaliatory attacks, with accusations that the RSF is conducting vengeful operations against them. Amidst a communications blackout, the situation remains dire, with health facilities largely shut down and rescue operations rendered impossible. The humanitarian crisis is exacerbated by famine conditions in the Zamzam camp for displaced individuals, and the economic repercussions of the conflict are expected to affect neighboring countries significantly. Meanwhile, diplomatic tensions persist, as Sudanese authorities allege that Chad is facilitating arms deliveries from the UAE, claims that both nations deny."", '']",1. What are the potential long-term impacts of the ongoing conflict in Sudan on regional stability and security?,2. How can the international community effectively respond to the humanitarian crisis unfolding in Sudan?,3. In what ways might the situation in Sudan influence global perceptions of humanitarian intervention and military aid?
13,**Title: Georgia's Political Landscape and Regional Implications**,"['', ""The current political developments in Georgia suggest that if the ruling party, Georgian Dream, secures a majority, it could significantly alter the country's aspirations for EU and NATO membership while simultaneously enhancing Russia's influence in the region. This shift may undermine the hopes of the Georgian populace for closer ties with the West and could pose challenges to Western strategic interests. The media landscape in Georgia is also under scrutiny, with reports of attempts to suppress independent journalism, reminiscent of actions taken in Russia. Meanwhile, the geopolitical tensions are further highlighted by incidents such as a recent Russian drone strike in Ukraine, which resulted in civilian casualties, and the controversial meeting between Serbian officials and President Putin, raising concerns about the alignment of EU candidate countries with Russian interests."", '']",1. How do you think the potential victory of Georgian Dream would impact Georgia's relationship with the EU and NATO?,2. What are the implications of increased Russian influence in Georgia for the broader region of Eastern Europe?,3. In what ways can independent journalism in Georgia be protected from governmental and external pressures?
14,"**Title: Evolving Geopolitical Dynamics: North Korea, Russia, and the West**","['', ""The passage highlights the growing military and diplomatic ties between North Korea and Russia, evidenced by troop deployments, arms shipments, and mutual support in international forums. This relationship is juxtaposed with the opportunity for the Republic of Korea (ROK) and NATO to enhance their partnership, particularly in areas such as intelligence sharing and military cooperation, following ROK's progression in NATO's partnership programs. Meanwhile, Russia faces significant military losses in Ukraine, which have reportedly exceeded 600,000 casualties since 2022, raising concerns about the implications for the Indo-Pacific region. Additionally, there are indications of unease within China regarding its relationship with Russia, especially in light of the ongoing conflict in Ukraine. The passage also touches on U.S. diplomatic efforts in the Middle East, particularly regarding the situation in Gaza and the need for a resolution to the conflict involving Israel and Hizballah, while emphasizing the importance of protecting civilians and addressing credible allegations of violations."", '', '**Questions:**']",1. How do you think the strengthening of ties between North Korea and Russia will impact global security dynamics?,2. What role do you believe NATO and the ROK can play in countering the influence of North Korea and Russia in the region?,3. In what ways might the ongoing conflict in Ukraine affect China's foreign policy and its relationship with Russia?
15,### Title: Escalating Violence and Its Implications in Gaza,"['', 'In the ongoing conflict in Gaza, tensions have escalated significantly, with recent Israeli airstrikes resulting in the deaths of at least 87 individuals in Beit Lahia, according to the local Health Ministry. The strikes targeted residential buildings, further exacerbating the humanitarian crisis in the region. Amidst these developments, concerns have been raised about the potential involvement of the United States in a broader conflict, as some view America as an ally of Israel. Additionally, the Committee to Protect Journalists (CPJ) has highlighted a troubling trend of Israeli authorities labeling Palestinian journalists as ""terrorists,"" particularly following incidents of violence against them. In a related health initiative, the Palestine Red Crescent Society has begun a vaccination campaign against polio and Vitamin A deficiency for children in Khan Yunis, amidst the ongoing turmoil.', '']",1. How do you think the international community should respond to the escalating violence in Gaza?,"2. What impact do you believe the labeling of journalists as ""terrorists"" has on press freedom and reporting in conflict zones?","3. In what ways can humanitarian efforts, like vaccination campaigns, continue amidst ongoing military operations?"
16,### Title: Escalating Violence in Ukraine Amidst Russian Attacks,"['', ""Recent Russian missile strikes in Ukraine have resulted in tragic casualties, with four individuals, including a child, killed in Dnipro, and additional fatalities reported in Kyiv and its surrounding areas. As the conflict intensifies, Ukrainian officials are urging their allies for enhanced air defense systems to prepare for what is anticipated to be a particularly harsh winter, exacerbated by ongoing Russian assaults on energy infrastructure. Meanwhile, the Russian military has claimed territorial gains in the eastern Donetsk region, capturing the village of Oleksandropol. In a related development, the G7 has announced plans to utilize Russian assets to support Ukraine, highlighting the international community's response to the ongoing crisis."", '']",1. How do you think the international community can effectively support Ukraine in light of the recent escalations in violence?,2. What impact do you believe the ongoing conflict will have on the civilian population in Ukraine as winter approaches?,3. In what ways might the geopolitical landscape shift if the Georgian Dream party strengthens ties with Russia?
17,### Title: Reparations and Apologies: A Commonwealth Debate,"['', 'At the Commonwealth summit in Samoa, discussions centered on the need for reparations or an apology from the UK regarding its historical involvement in the slave trade. The term ""sorrow"" was used by officials, which notably sidesteps a direct apology. Historical context was provided, highlighting that William IV, son of George III, was a staunch supporter of slavery. In Belfast, a live show has been launched to commemorate the city\'s opposition to the slave trade. The King emphasized the urgency of addressing historical injustices, particularly the disproportionate impact on women and girls, while also linking these discussions to contemporary issues such as climate change and its devastating effects on Commonwealth nations. The summit\'s draft communique reflects ongoing diplomatic efforts to address these historical harms and their modern implications.', '']","1. What are your thoughts on the effectiveness of using the term ""sorrow"" instead of a direct apology in addressing historical injustices?","2. How do you think the legacy of the slave trade continues to affect societies today, particularly in Commonwealth nations?",3. In what ways do you believe educational institutions should acknowledge their connections to slavery and its impacts?
18,### Escalation of Conflict: Hezbollah's Rocket Attacks on Israel,"['', 'Israeli media reports indicate that Hezbollah launched nearly 100 rockets into northern Israel by Saturday afternoon, targeting both military gatherings and deserted settlements. Notably, Hezbollah fighters executed a rocket barrage aimed at Israeli forces in the al-Musharifa area of Ras Al-Naqoura. This escalation follows the breakdown of negotiations over the summer, prompting discussions among Americans about a postwar strategy for Israel and Gaza. Additionally, Pezeshkian has warned that Israel will face a ""corresponding answer"" for any military actions it undertakes, suggesting a potential for further conflict.', '']",1. What are the potential implications of Hezbollah's recent rocket attacks on the stability of the region?,2. How might the breakdown of negotiations influence future interactions between Israel and Hezbollah?,3. In what ways could international responses shape the ongoing conflict between Israel and Hezbollah?
19,**Title: National Security Concerns Surrounding Musk's Communications with Putin**,"['', ""Musk's reported communications with Russian President Vladimir Putin have raised significant national security concerns for the U.S. government, particularly given SpaceX's involvement in critical U.S. intelligence and military projects. While details regarding the frequency and content of these discussions remain unclear, it is known that Musk has invested heavily in Donald Trump's presidential campaign and has transformed Twitter into a platform favored by Trump supporters, conspiracy theorists, and Russian propagandists. This situation has provoked anger among Ukrainian leaders, especially in light of the ongoing geopolitical tensions. An aide noted that during one of the calls, they were asked to leave Trump’s office to allow for privacy between Musk and Putin. The implications of these interactions are serious, as SpaceX plays a vital role in launching national security satellites and transporting astronauts for NASA."", '']",1. What do you think are the potential risks of private communications between influential business leaders and foreign adversaries?,2. How might Musk's relationship with Trump and his supporters influence public perception of SpaceX and its projects?,3. In what ways could the U.S. government address the national security concerns raised by Musk's discussions with Putin?
20,**Title: Boeing Workers' Frustration and Contract Negotiations**,"['', 'Boeing factory workers are expressing their dissatisfaction as they prepare to vote on a new contract proposal that includes a significant 35% pay increase. This frustration stems from a decade of stagnant wages that have not kept pace with inflation, while the company has allocated substantial funds towards share buybacks and record bonuses for executives. Jon Holden, president of the local union, emphasized the need to maintain pressure on Boeing, especially in light of ongoing quality issues, such as a recent mid-air panel blowout incident. He noted that trust in the company has diminished, and many employees with retirement accounts have faced financial setbacks.', '']",1. How do you think the proposed pay hike will impact employee morale at Boeing?,2. What are the potential long-term effects of the company's focus on share buybacks and executive bonuses on its workforce?,3. In what ways can Boeing rebuild trust with its employees following recent quality and financial concerns?
21,**Title: American Airlines Implements New Boarding Technology**,"['', 'American Airlines is currently testing an audible alert system at three airports to discourage passengers from boarding before their designated group is called. This initiative aims to streamline the boarding process and reduce line-cutting incidents. In a related development, Southwest Airlines plans to transition from its open seating policy to assigned seating for boarding next year, with the goal of enhancing orderliness during the boarding process. ', '', 'In addition to airline news, the passage also highlights other current events, including the recovery of a stolen bronze statue of Tuskegee airman Lt. Col. Alexander Jefferson in Detroit, the recovery of Denver Broncos receiver Josh Reynolds from gunshot wounds, and a reminder for safety during Halloween trick-or-treating. ', '', '**Questions:**']",1. How effective do you think the audible alert system will be in preventing line-cutting during boarding?,2. What are the potential benefits and drawbacks of Southwest Airlines switching to assigned seating?,3. In what ways do you think the boarding process could be further improved to enhance passenger experience?
22,**The Role of Precious Metals in Long-Term Investment Portfolios**,"['', 'This analysis explores the performance of gold and silver returns in conjunction with the Nifty index over the past two decades to assess the viability of including these precious metals in long-term investment strategies. Notably, shares have surged over 100% this year, benefiting from fluctuations in precious metal prices. The findings suggest that a diversified investment portfolio, incorporating both U.S. and international equities, is advantageous due to the distinct characteristics and compositions of these markets.', '']",1. How do you think the recent surge in precious metal prices will impact long-term investment strategies?,"2. In your opinion, what are the key benefits of diversifying a portfolio with both U.S. and international equities?",3. Do you believe that gold and silver will continue to play a significant role in investment portfolios in the future? Why or why not?
23,**Title: The Bullish Surge of Gold Prices Amid Economic Shifts**,"['', 'Gold has entered a bullish phase, with its price reaching a record high of $2,700 per ounce, influenced by central bank purchases, increasing U.S. debt, and a potential peak in the U.S. dollar, according to Paul Wong, a market strategist at Sprott Asset Management. The price may continue to rise, with the next target set at $2,808, which corresponds to a significant retracement level from previous declines. Concurrently, U.S. treasury yields have seen slight decreases, with the 10-year yield at 4.222% and the 30-year yield at 4.499%. In the broader economic context, the Federal Reserve is anticipated to implement two rate cuts in the upcoming months, while the Congressional Budget Office forecasts that annual budget deficits will exceed $2 trillion starting in FY2030, potentially reaching nearly $2.9 trillion by FY2034.', '', '**Questions:**']",1. What do you think are the long-term implications of rising gold prices for investors and the economy?,"2. How might the anticipated rate cuts by the Federal Reserve influence other financial markets, such as stocks or bonds?",3. In what ways do you believe increasing U.S. debt will impact the value of the dollar and commodities like gold in the future?
24,**Title: Nvidia's Dominance in the AI Chip Market**,"['', ""Nvidia has established a commanding presence in the artificial intelligence (AI) chip market, currently holding approximately 80% of the market share. This dominance has led to a situation where demand for Nvidia's products exceeds supply, a trend that the company anticipates will persist into the following year. In a recent disclosure, the CEO of Nvidia reported ownership of over 77 million shares, valued at nearly $7.7 billion. Additionally, the company announced a quarterly dividend, reflecting a stable financial position despite a slight decrease in stock ownership. As Nvidia continues to thrive, there is hope that it can also bolster its iPhone sales and leverage its service offerings, such as Apple TV and Apple Music, to enhance overall performance."", '']",1. How do you think Nvidia's market dominance will impact competition in the AI chip industry?,2. What strategies do you believe Nvidia could implement to address the supply-demand imbalance in their products?,"3. In what ways might Nvidia's success influence other technology companies, particularly in the realm of AI and consumer electronics?"
25,### Title: E. coli Outbreak Linked to McDonald's Onions,"['', ""The investigation into a recent E. coli outbreak associated with McDonald's Quarter Pounders has revealed that slivered onions served on the burgers are the likely source of contamination. This outbreak has resulted in at least one death and nearly 50 reported illnesses. In response to declining customer confidence, fast-food chains like McDonald's, Burger King, and Wendy's are implementing discounts and value meals to attract patrons. The outbreak highlights the importance of food safety, as symptoms of E. coli infection can mimic flu-like conditions, including fever, muscle aches, and severe gastrointestinal distress. Additionally, concerns about hepatitis A, which can also be foodborne, emphasize the need for stringent food handling practices to prevent contamination."", '']",1. What measures do you think fast-food chains should take to ensure the safety of their food products?,2. How do you feel about the effectiveness of discounts and value meals in restoring customer trust after such outbreaks?,3. What role do you think consumers play in advocating for better food safety standards in the fast-food industry?
26,**Title: S&P 500 Earnings Growth and Market Dynamics**,"['', 'According to a recent CFRA Research note, companies in the S&P 500 are projected to experience a 2.1 percent earnings growth, a decrease from the previously anticipated 3.6 percent. Nvidia has emerged as a standout performer in the tech sector, driven by a surge in demand for its advanced chips amid the growing popularity of AI applications. On the trading front, U.S. stocks closed mixed as bond market interest rates continued to rise ahead of an upcoming jobs report. Alphabet, despite facing challenges this year compared to competitors like Apple and Meta, holds a Zacks Rank #2 (Buy) due to positive earnings revisions and a Zacks Earnings ESP of 2.83%. The stock recently broke out from a bull flag pattern, reaching new record highs, although market movements may be contingent on its forthcoming earnings report. Meanwhile, Apple could see potential growth if its AI initiatives successfully enhance user engagement. In contrast, CVS has struggled significantly, with its shares dropping about 25% this year, underperforming the broader market.', '', '**Questions:**']",1. How do you think Nvidia's success in the AI chip market will influence the overall tech sector in the coming years?,2. What factors do you believe are contributing to Alphabet's mixed performance compared to its peers?,"3. In light of CVS's significant decline, what strategies do you think the company should consider to regain investor confidence?"
27,**Title: Elon Musk's Political Alignment and Its Implications**,"['', ""Elon Musk has increasingly aligned himself with Donald Trump's vision for America, viewing his support not merely as financial backing for a campaign but as an investment in a future where his techno-libertarian ideals can flourish under an authoritarian regime. This shift in focus comes at a time when the tech industry, once largely apolitical, is becoming more entwined with political power dynamics. Musk's ventures, particularly through SpaceX's Starlink, have positioned him as a key player in global communications, especially in conflict zones, further intertwining his business interests with geopolitical issues. His backing of Trump transcends economic motivations, suggesting a desire for influence that could significantly alter the landscape of American democracy, particularly as he seeks to support Trump's reelection efforts through various means, including voter mobilization strategies."", '']",1. How do you think Musk's political alignment with Trump will affect the public perception of Tesla and SpaceX?,2. In what ways might Musk's support for an authoritarian regime impact the future of technology and innovation in America?,3. What are the potential consequences of a close relationship between tech leaders and political figures for democracy and governance?
28,**Boeing's Challenges Amid Union Strike and Potential Business Sale**,"['', ""Boeing is currently facing significant challenges as a prolonged strike by its machinists union has halted production activities. In light of these difficulties, the company is considering selling its NASA business, which encompasses the Starliner spacecraft and operations related to the International Space Station (ISS). Compounding the situation, the machinists union recently rejected Boeing's latest contract proposal, casting further uncertainty over the company's future and its ability to navigate the ongoing labor dispute."", '']",1. How do you think the ongoing strike will impact Boeing's long-term business strategy and reputation in the aerospace industry?,2. What are the potential implications of Boeing selling its NASA business for the future of space exploration and partnerships with organizations like NASA?,3. In what ways might the rejection of the contract offer by the machinists union affect employee morale and the company's labor relations moving forward?
29,**Title: Mega Millions Jackpot and Lottery Ticket Sales**,"['', ""The Mega Millions drawing on Tuesday, October 22, featured a substantial jackpot estimated at $205 million, with a cash option of $96.1 million. In addition to traditional sales locations, some airport terminals may also offer lottery tickets. Gannett, the media company, could generate revenue through audience referrals to Jackpocket services, which facilitate lottery ticket purchases. Participants must be at least 18 years old, with age restrictions of 21 in Arizona and 19 in Nebraska. The Mega Millions website emphasizes the importance of protecting winners' lifestyles and purchasing power during inflation by offering increasing payment options, marked with multipliers such as 2X, 3X, 4X, and 5X. For those struggling with gambling issues in Pennsylvania, resources are available, including a helpline and online chat support."", '']",1. What are your thoughts on the impact of large lottery jackpots on people's financial decisions?,2. How do you feel about the accessibility of lottery tickets in places like airport terminals?,3. What measures do you think should be in place to help individuals who may develop gambling problems?
30,**Title: Qualcomm's Snapdragon 8 Elite: A Game-Changer for Mobile Gaming and AI Integration**,"['', ""Qualcomm has unveiled the Snapdragon 8 Elite, a groundbreaking chipset set to enhance flagship smartphones in the near future. This new processor promises significant performance improvements, potentially enabling the availability of console-level games on Android devices, similar to recent offerings on iOS. However, there are concerns regarding the compatibility of critical business and productivity applications with Arm processors. The rise of specialized hardware, particularly in the realm of AI, has led to a decoupling of software from hardware, allowing applications to leverage advanced capabilities without being strictly tied to specific architectures. Additionally, Samsung has introduced its 990 EVO Plus SSD in the US, and developments in satellite messaging for Android 15 are underway, particularly for devices like the Google Pixel. Meanwhile, Apple's financial success continues, with substantial returns to shareholders, highlighting the competitive landscape in the tech industry."", '']",1. How do you think the Snapdragon 8 Elite will impact the mobile gaming experience compared to previous chipsets?,2. What are your thoughts on the compatibility issues between critical business applications and Arm processors?,3. In what ways do you see the integration of AI in mobile technology evolving in the next few years?
31,**Title: Upcoming Apple M4 Macs and Enhanced Virtual Display Features**,"['', 'Next week, Apple is set to unveil its latest M4 Macs, which are expected to be released to the public next month. These new computers will feature more powerful chipsets, enhancing their performance capabilities. Additionally, Apple previously announced plans to introduce a wider, higher-resolution version of the Mac Virtual Display for its Vision Pro headset, indicating a focus on improving user experience across its devices. MacRumors serves a diverse audience of consumers and professionals keen on the latest technology trends and products, fostering an engaged community that discusses purchasing decisions and technical details related to Apple’s offerings. ', '']",1. What features are you most excited about in the upcoming M4 Macs?,2. How do you think the new Mac Virtual Display will enhance the user experience for Vision Pro users?,"3. In your opinion, how important is it for Apple to continuously innovate its hardware and software offerings?"
32,**Title: Legal Disputes Between Apple and Masimo**,"['', 'In a recent legal confrontation, Apple accused Masimo of leveraging lawsuits at the International Trade Commission (ITC) and in California to facilitate the launch of its own smartwatch. In response, Masimo characterized Apple\'s patent lawsuit as a retaliatory measure aimed at circumventing the court where both companies have been engaged in ongoing litigation. The court\'s ruling in this instance was limited to a ""discontinued module and charger,"" indicating that the broader implications of the dispute remain unresolved.', '']",1. What do you think are the potential impacts of legal disputes like this on innovation in the tech industry?,2. How might the outcome of this case influence the relationship between Apple and Masimo moving forward?,"3. In your opinion, do you believe that companies should prioritize resolving disputes through litigation, or should they seek alternative methods of conflict resolution?"
33,**Title: Release of Call of Duty: Black Ops 6 and New Features**,"['', ""Today marks the launch of Call of Duty: Black Ops 6, continuing the franchise's tradition of annual releases since 2005. Despite the developers sometimes referring to their work as expansions, the series has consistently delivered new titles each fall. While Activision has not announced a specific start date for Season 1, a recent promotional collaboration with Little Caesars may hint at when it will begin. Notably, Black Ops 6 introduces a new arachnophobia toggle feature in its Zombies mode, catering to players who may have a fear of spiders. The passage also touches on the ongoing rivalry between gaming platforms, highlighting the desire of some players to access properties from competing systems, despite their loyalty to their own."", '']",1. What are your thoughts on the introduction of the arachnophobia toggle feature in Black Ops 6 Zombies?,2. How do you feel about the annual release schedule of the Call of Duty series? Does it impact your enjoyment of the games?,3. In what ways do you think platform loyalty affects gamers' perceptions of game franchises like Call of Duty?
34,**Title: The Debate Over Video Game Preservation and Access**,"['', 'The ongoing debate surrounding video game preservation has seen significant opposition from the Entertainment Software Association (ESA), which argues that allowing libraries to provide free access to video games could undermine the market for classic titles. The ESA contends that without specific restrictions, the use of these games would not be limited to educational purposes, potentially leading to exploitation. In contrast, preservationists highlight that most video games are never re-released and that those that are often undergo changes that diminish their original value for research and study. Despite these arguments, the Library of Congress has sided with the ESA, stating that proponents failed to demonstrate that off-premises access to video games would be noninfringing. The Video Game History Foundation (VGHF) expressed frustration over this decision, emphasizing the disparity in access processes for video games compared to other materials.', '']",1. What are the potential implications of restricting access to video games for educational and research purposes?,"2. How might the preservation of video games differ from that of other media, such as films or books?",3. In what ways could the gaming industry adapt to support both preservation efforts and market interests?
35,**Title: Enhancements in OxygenOS 15 for OnePlus Devices**,"['', 'OxygenOS 15 introduces a range of new features aimed at enhancing the user experience on OnePlus phones, with a particular emphasis on speed and artificial intelligence integration. This update is designed to streamline operations and improve overall performance. Additionally, the OPPO A3x 4G is set to launch at a competitive price of Rs 8,999, with sales commencing on October 29, further expanding the options available to consumers in the smartphone market.', '']",1. What specific features in OxygenOS 15 do you think will have the most significant impact on user experience?,2. How do you feel about the integration of AI in smartphone operating systems like OxygenOS 15?,"3. Do you think the pricing of the OPPO A3x 4G will attract more users to the brand, and why?"
36,**Title: Solving the Piano Puzzle in Black Ops 6**,"['', ""To solve the Piano Puzzle in the Black Ops 6 campaign, players must approach the piano and input a specific code in the correct sequence, which will unlock a secret passageway leading to the next puzzle. Additionally, players will encounter a note indicating that there are six trophies on a top shelf, suggesting that the solution involves experimenting with various number combinations. Nearby, another note describes the challenges of operating a generator, emphasizing the need to balance fuel and water to activate it properly. This intricate puzzle-solving process reflects the game's design, which encourages players to engage with their environment and think critically about the clues provided."", '']",1. What strategies do you think are most effective for solving complex puzzles in video games like Black Ops 6?,2. How do you feel about the balance between challenge and accessibility in puzzle design within video games?,3. In what ways do you think player feedback influences the development of puzzles in gaming?
37,**The Shift in Smartphone Upgrade Priorities**,"['', 'As consumers contemplate upgrading their smartphones, artificial intelligence (AI) has become a lesser priority compared to more tangible features. Key factors driving the decision to upgrade include longer battery life, increased storage capacity, and enhanced camera capabilities. These practical considerations continue to take precedence over the allure of advanced AI functionalities in smartphones.', '']",1. What features do you consider most important when deciding to upgrade your smartphone?,2. How do you think advancements in AI will influence smartphone design and consumer preferences in the future?,3. Do you believe that the focus on battery life and camera quality will shift as AI technology becomes more integrated into smartphones?
38,**Title: New Features in iOS 18.1 and Apple Intelligence**,"['', ""The iOS 18.1 update introduces significant enhancements, particularly the ability to change or add a new primary email address for your Apple ID, a feature that users are encouraged to utilize. Additionally, the update includes a new Apple health feature, which users can access by entering their passcode and agreeing to the terms and conditions before installation. This update is part of Apple's ongoing efforts to improve user experience and integrate their devices more seamlessly, as evidenced by compatibility with accessories across different tablet models, such as the Tab S9 and Tab S10. "", '']",1. How do you think the ability to change your primary email address for your Apple ID will impact user security and convenience?,"2. What are your thoughts on the new Apple health feature, and how do you see it benefiting users in their daily lives?",3. In what ways do you think the integration of accessories across different tablet models enhances the overall user experience?
39,**Title: Anticipation Builds for GTA 6 Amidst Secrecy**,"['', 'As Rockstar Games continues to keep details about Grand Theft Auto 6 under wraps, fans are eagerly anticipating the next installment of this beloved franchise. The game is set to feature two main protagonists: a male character named Jason and a female character named Lucia. A source with a substantial following claims that its leaks regarding the game have been ""confirmed,"" especially after receiving a DMCA claim from Take-Two, Rockstar\'s parent company. Despite the secrecy, some leaks have emerged, offering glimpses into the game\'s development and fueling excitement among the fanbase.', '']",1. What are your thoughts on the decision to have two main protagonists in GTA 6?,2. How do you think the secrecy surrounding the game's development affects fan expectations?,3. What features or elements are you hoping to see in the next chapter of the GTA franchise?
40,**A Legacy of Music and Love: Remembering Phil Lesh**,"['', ""Phil Lesh, the beloved bassist and founding member of the Grateful Dead, has passed away, leaving behind a rich legacy of music and love. Known for his innovative approach to the bass guitar, Lesh was instrumental in shaping the band's sound, introducing them to the music of jazz legends like John Coltrane. His unique style allowed for spontaneous and fluid performances, ensuring that even iconic songs like “Truckin’” and “Sugar Magnolia” were never played the same way twice, which captivated fans and encouraged them to attend multiple shows. Lesh's musical influences extended beyond rock, drawing inspiration from classical composers such as Bach and Edgard Varese, as well as jazz greats like Miles Davis. He spent his final moments surrounded by family, embodying the love that characterized both his life and his music."", '']",1. How do you think Phil Lesh's background in jazz influenced the Grateful Dead's unique sound?,2. In what ways do you believe the spontaneity of live performances contributes to a band's connection with its audience?,3. What impact do you think Phil Lesh's musical legacy will have on future generations of musicians?
41,**Title: Exploring Venom: The Last Dance**,"['', 'In ""Venom: The Last Dance,"" a significant moment occurs when a cockroach approaches the remnants of a symbiote, symbolizing the persistence of life and the potential for new beginnings. This scene hints at the themes of survival and transformation that are central to the narrative, suggesting that even in the aftermath of destruction, there is a possibility for regeneration and evolution. The interaction between the cockroach and the symbiote remnants serves as a metaphor for resilience in the face of adversity.', '']","1. What do you think the cockroach symbolizes in relation to the symbiote remnants in ""Venom: The Last Dance""?",2. How do you interpret the themes of survival and transformation presented in the story?,3. In what ways do you think the remnants of the symbiote could influence future events in the narrative?
42,**Title: Hope for Resentencing: The Menendez Brothers' Path to Freedom**,"['', ""George Gascón's recent announcement to seek resentencing for Erik and Lyle Menendez, who were convicted nearly 30 years ago for the brutal murders of their parents, has provided the brothers with a renewed sense of hope for freedom. This development marks a significant moment in their long incarceration, as they have expressed a desire for the truth about their traumatic past to be acknowledged. In a documentary, Erik Menendez shared his ongoing struggles with the memories of abuse, while both brothers have reportedly engaged in self-improvement and efforts to support fellow inmates, particularly those dealing with untreated trauma and disabilities. Meanwhile, the impact of their case continues to resonate, as highlighted by a family member's criticism of media portrayals that overlook the profound effects of their childhood abuse."", '']",1. What are your thoughts on the potential for resentencing in cases that involve long-term incarceration due to childhood trauma?,2. How do you think media representations of criminal cases can influence public perception and the legal process?,3. In what ways do you believe rehabilitation programs in prison can affect the lives of inmates and their chances for reintegration into society?
43,### Lizzo's Playful Halloween Costume,"['', 'This Halloween, Lizzo embraced humor by choosing a costume that playfully addresses the rumors surrounding her weight loss, specifically the speculation that she used the diabetes medication Ozempic. By incorporating this theme into her costume, Lizzo showcases her ability to engage with the conversation surrounding her body image and health in a lighthearted manner, turning potential criticism into a moment of fun and self-empowerment.', '']",1. What do you think about celebrities using humor to address rumors about their bodies or health?,2. How do you feel about the societal pressures surrounding weight loss and the medications associated with it?,3. In what ways do you think Lizzo's approach to these rumors impacts her fans and the broader conversation about body positivity?
44,**Excitement for the Upcoming Vision Show**,"['', 'The anticipation for a new Marvel TV show, which is a spin-off of ""WandaVision,"" is growing, particularly due to Paul Bettany\'s involvement as he prepares to reprise his role as Vision. This upcoming series promises to delve deeper into the character\'s story and expand the Marvel Cinematic Universe further, building on the themes and narratives established in ""WandaVision."" ', '']",1. What aspects of Vision's character are you most excited to see explored in the new show?  ,2. How do you think the spin-off will connect to the larger Marvel Cinematic Universe?  ,3. What are your thoughts on the direction Marvel is taking with its TV shows compared to its films?
45,**Title: SAG-AFTRA Strike Against Video Game Publishers Continues**,"['', ""SAG-AFTRA's strike against major video game publishers is ongoing as the actors union has decided to extend contract negotiations after three days of discussions failed to resolve the dispute regarding its interactive media agreement. The union emphasizes the importance of ethical guidelines and equitable treatment in the use of new technologies, indicating a willingness to collaborate with companies that respect professional talent. This sentiment is reciprocated by the talent, who are eager to work with organizations that uphold these values."", '']",1. What do you think are the main issues at the heart of the SAG-AFTRA strike against video game publishers?,2. How do you believe the use of new technologies in the industry is impacting the relationship between talent and publishers?,"3. In your opinion, what steps should both sides take to reach a resolution that respects the needs of the actors while also addressing the concerns of the publishers?"
46,### Title: Tensions Rise in WWE SmackDown,"['', ""In a recent episode of SmackDown, Randy Orton demanded a match against Kevin Owens at Crown Jewel, which Triple H reluctantly agreed to, cautioning Orton to stay vigilant. The match was described as decent, but the excitement escalated when Sika proposed a WWE Tag Team Titles match on the spot. However, Aldis interrupted, insisting that Sikoa show respect. Solo Sikoa then called for the crowd's acknowledgment and introduced the Motor City Machine Guns, along with The Bloodline, before Jey Uso made a surprise appearance, much to the crowd's delight. The atmosphere was electric as the tag team division showcased its talent, culminating in a match that had fans eagerly engaged."", '']",1. How do you think the dynamics between the wrestlers will affect future matches in the WWE?,2. What impact do you believe Jey Uso's return will have on The Bloodline and their storyline?,3. In what ways do you think the introduction of new tag teams like the Motor City Machine Guns will influence the current tag team division?
47,### Title: Lil Durk Arrested on Murder-for-Hire Charges,"['', 'Chicago rapper Lil Durk has been arrested in Florida on charges related to a murder-for-hire plot targeting fellow rapper Quando Rondo. This alleged scheme is reportedly a retaliation for the murder of King Von, a close associate of Durk. The incident in question involved a shooting at a gas station, which not only resulted in the death of Rondo but also claimed the life of 34-year-old Mark Blakely and left four others injured. While the suspects, including Durk, are presumed innocent, local residents have expressed concerns about the moral and ethical standards expected of public figures. The defendants made their initial court appearances in Illinois and are set to be arraigned in Los Angeles soon.', '']","1. What are your thoughts on the impact of violence in the music industry, particularly among rappers?",2. How do you think the community can address the issues of crime and violence associated with celebrity culture?,3. What role do you believe public figures should play in setting moral and ethical standards for their communities?
48,"**Title: The Intrigue of Papal Politics in ""Conclave""**","['', 'Edward Berger\'s adaptation of Robert Harris\'s novel ""Conclave"" presents a gripping portrayal of the intense competition among Catholic cardinals as they vie for the papacy. Rated PG and set to hit theaters, the film has garnered a four-star rating for its electrifying narrative, which, despite its thrilling premise, occasionally veers into the realm of the far-fetched and lacks genuine suspense. The story centers around the character of Benítez, depicted as a compassionate and progressive figure within the church, yet the film\'s exploration of themes such as certainty and tolerance ultimately leads to a conclusion that some may find gimmicky or even offensive. As the cardinals navigate their sequestered voting process, the film reflects on the broader implications of leadership during a time of political division, with John Lithgow delivering a standout performance.', '', '**Questions for Discussion:**']","1. How does ""Conclave"" reflect the complexities of leadership selection within the Catholic Church, especially in the context of modern political divisions?",2. In what ways do you think the film's portrayal of the cardinals challenges or reinforces stereotypes about religious leaders?,3. What are your thoughts on the film's ending and its metaphor for uncertainty—do you find it thought-provoking or lacking in depth?
49,**Title: Navigating Relationships and Breakups in the Spotlight**,"['', 'Brooks recently shared a video on social media that humorously reflected her feelings about a breakup with Gleb, who reportedly ended their casual relationship without her prior knowledge. Despite the split, a source revealed that Brooks is focusing on her own happiness and living her best life. She clarified that while they have been spending time together and hooking up, there are no serious commitments between them. Brooks expressed her mixed emotions about the situation, emphasizing her authenticity and the lack of a formal relationship. Meanwhile, Gleb has been active on social media, sharing personal moments, and other reality stars like Jenn Tran and Sasha Farber appear to be exploring their own budding romances.', '']",1. How do you think public figures manage their personal relationships under the scrutiny of social media?,2. What are the potential challenges of maintaining a casual relationship when one person has different expectations?,3. In what ways can humor help individuals cope with the emotional aspects of breakups?
50,**Title: World Series Highlights and Player Updates**,"['', ""In the first game of the World Series, the Dodgers achieved a remarkable comeback victory, with Shohei Ohtani contributing one hit and scoring a run. As the series progresses, Yankees manager Aaron Boone emphasized the importance of extending the series, acknowledging the challenges ahead. Meanwhile, Ice Cube entertained fans with a performance at Dodger Stadium before Game 2, where a display featuring Freddie Freeman's game-worn jersey and the lineup card was showcased. Despite a disappointing season in Seattle, player Hernández expressed hope for a multiyear deal in the offseason, while concerns linger about Ohtani's health, with hopes that a day off would aid his recovery for the next game."", '']",1. How do you think Ohtani's performance will impact the Dodgers' chances in the series?,"2. What role do you believe celebrity performances, like Ice Cube's, play in enhancing the atmosphere of major sporting events?",3. How important is it for teams to maintain momentum in a long series like the World Series?
51,**Title: Topuria's Knockout Victory Over Holloway**,"['', ""In a thrilling matchup, Topuria secured a knockout victory against Holloway, showcasing his striking prowess. Topuria noted that he landed numerous punches, but it was a decisive right hand that significantly impacted Holloway, causing him to step back in a manner not often seen in the octagon. The fight was characterized by intense exchanges and strategic pacing from both fighters, making it a compelling spectacle for fans. Despite Holloway's reputation for resilience and willingness to engage, he ultimately faced a clear defeat in this bout. The fight also highlighted the ongoing verbal exchanges between the two fighters, adding an extra layer of intrigue to their rivalry."", '', '**Questions:**']",1. What do you think were the key factors that led to Topuria's knockout victory over Holloway?,2. How do you perceive the impact of pre-fight verbal exchanges on the dynamics of a match?,3. In what ways do you think Holloway can improve or adapt his strategy for future fights after this loss?
52,### Title: Impact of Player Trades and Performance in the NFL,"['', ""The recent trade dynamics in the NFL, particularly involving players like DeAndre Hopkins and Diontae Johnson, highlight the potential shifts in team performance and player impact this season. The Chiefs' utilization of Hopkins will be crucial in determining his effectiveness, especially if quarterback Tua Tagovailoa is able to play, which could elevate Tyreek Hill's status to that of a high-end WR1. Meanwhile, players like Cooper Kupp remain consistently reliable regardless of matchups. The landscape of fantasy football is also affected, with players like Wicks being largely available, indicating opportunities for managers to enhance their rosters. Additionally, the performance of teams like the Eagles and Giants, along with individual player statistics, such as Malik Nabers' target share and the run-defending capabilities of linebackers like Jones, further illustrate the complexities of player contributions and team strategies in the league."", '', 'As the season progresses, the implications of these trades and player performances will be closely monitored, with fans and analysts alike eager to see how these changes will influence team success and individual accolades.', '']",1. How do you think the Chiefs will adjust their offensive strategy with the addition of DeAndre Hopkins?,2. In what ways do you believe player trades impact team chemistry and performance on the field?,"3. Which player do you think will have the most significant fantasy impact this season, and why?"
53,### SEC Game Highlights and Injuries,"['', ""Auburn coach Hugh Freeze made a notable appearance on the sidelines for the Tigers' Southeastern Conference game against Kentucky, despite not traveling with the team due to illness. In the game, Missouri quarterback Brady Cook struggled with an ankle injury, completing only 7 of 12 passes for 30 yards before leaving with a hand injury. Meanwhile, in a closely contested matchup, the Wolverines held a narrow lead over the Spartans at Michigan Stadium. Penn State's starting quarterback Drew Allar also exited due to injury, but backup Beau Pribula stepped in effectively, completing 11 of 13 passes and throwing a touchdown. In another game, Utah missed a crucial opportunity to take the lead when Cole Becker failed to convert a 46-yard field goal after a lengthy drive. The day was marked by injuries and missed chances, impacting several teams' performances."", '']",1. How do injuries to key players affect a team's performance in high-stakes games?,2. What strategies can coaches employ to adapt to sudden player injuries during a game?,"3. How important is it for a coach to be present on the sidelines, especially when dealing with team illnesses?"
54,### Title: Freeman's Heroic Moment in Game 1 of the World Series,"['', ""In a thrilling Game 1 of the World Series, the Los Angeles Dodgers faced the New York Yankees with the bases loaded and two outs in the 10th inning, trailing by a run. Freddie Freeman, despite dealing with a left shoulder subluxation, stepped up to the plate and hit a decisive inside fastball from Nestor Cortes, leading the Dodgers to a dramatic 6-3 victory. The atmosphere at Dodger Stadium was electric, filled with anticipation as Freeman took his turn at bat. Dodgers manager Dave Roberts and Yankees manager Aaron Boone both acknowledged the significance of the moment, with Boone noting the strategic matchup. Freeman's performance not only showcased his resilience but also highlighted the camaraderie and support among players during challenging times."", '', '**Questions:**']",1. How do you think Freeman's injury impacted his performance during the game?,2. What does this victory mean for the Dodgers' chances in the World Series?,3. In what ways do moments like these shape a player's legacy in baseball?
55,### Title: Qualifying Insights from the Latest F1 Session,"['', ""In the latest Formula 1 session, Oscar Piastri set the fastest time, showcasing impressive performance ahead of the competition. Carlos Sainz from Ferrari trailed closely, clocking in 0.34 seconds behind, while championship leader Max Verstappen faced challenges, finishing fourth and 0.511 seconds off Piastri's pace due to power unit issues earlier in the event. Meanwhile, Liam Lawson encountered difficulties, spinning in the stadium complex after hitting the inside curb at Turn 15. Ferrari currently sits 48 points behind McLaren in the constructors' standings and only eight points behind Red Bull. Notably, three teams opted not to use the soft compound tyres during this session, likely conserving them for the upcoming qualifying rounds."", '']",1. How do you think the power unit issues affected Max Verstappen's performance in this session?,2. What strategies do you think Ferrari should employ to close the gap to McLaren in the constructors' standings?,3. How significant do you believe the decision to save soft compound tyres will be for the teams in the upcoming qualifying rounds?
56,**Title: Indiana Hoosiers Showcase Resilience in Victory Over Washington**,"['', 'In their latest game, the Indiana Hoosiers demonstrated remarkable resilience and teamwork, securing a victory against Washington despite the absence of their starting quarterback. A pivotal moment occurred late in the third quarter when running back Justice Ellison powered through to gain a crucial first down while the team was backed up in their own end zone. This play symbolized the toughness and determination of the Hoosiers, who have maintained an impressive 8-0 record this season. The atmosphere was further electrified by the presence of IU baseball legend Kyle Schwarber, who served as the guest picker for College GameDay, highlighting the excitement surrounding the program. The game underscored the importance of strategic adjustments and mental fortitude in achieving success on the field.', '', '**Questions:**']",1. How do you think the absence of the starting quarterback impacted the team's performance and strategy during the game?,2. What role do you believe mental toughness plays in a team's ability to win close games like this one?,"3. How significant is the support from alumni and former athletes, like Kyle Schwarber, in fostering a strong community around college sports?"
57,**Title: Remembering Jim Donovan: The Voice of the Cleveland Browns**,"['', 'The Cleveland Browns community mourns the loss of Jim Donovan, affectionately known as the ""Voice of the Cleveland Browns,"" who passed away at the age of 68 after a long battle with leukemia that began with his diagnosis in 2000. Donovan\'s legacy is marked by his deep love for the city of Cleveland and its football team, as well as his devotion to his family. His memorable calls, such as ""Run, William, run"" during a pivotal playoff game, showcased his ability to capture the excitement of the moment while also providing context and insight into the game. Colleagues and fans alike remember him as a meticulous broadcaster who dedicated countless hours to preparing for each game, creating a sense of family among listeners. His impact on the sport and those around him will be felt for years to come.', '']",1. What do you think made Jim Donovan such a beloved figure in the Cleveland Browns community?,2. How do you believe Donovan's broadcasting style influenced the way fans experienced the game?,3. In what ways do you think his legacy will continue to inspire future sports commentators?
58,**Title: Tense First Half in El Clásico: Real Madrid vs. Barcelona**,"['', ""The first half of the highly anticipated El Clásico between Real Madrid and Barcelona ended in a goalless draw, marked by intense competition and strategic play. Barcelona's effective offside trap created several tense moments for Madrid's forwards, including a disallowed goal by Kylian Mbappé. The match was further complicated for Madrid due to the unexpected injury of their goalkeeper Thibaut Courtois, which forced Andriy Lunin into the starting role. Despite the lack of goals, both teams displayed quality and determination, with Madrid's coach Carlo Ancelotti urging his players to remain focused and not dwell on recent setbacks. Meanwhile, other matches in various leagues saw teams like Napoli and Stuttgart securing important victories, showcasing the dynamic nature of football across Europe."", '', '**Questions:**']",1. How do you think the absence of Thibaut Courtois affected Real Madrid's performance in the first half?,2. What strategies do you believe Barcelona employed to successfully implement their offside trap against Madrid?,3. In what ways can the outcome of this match influence the morale and future performances of both teams?
59,### Title: Current Standings and Dynamics in NASCAR Truck Series,"['', 'As the NASCAR Truck Series approaches the Homestead race, the standings show Christopher Bell leading with a notable advantage of 42 points, followed by Kyle Larson at 35 points and William Byron at 27 points above the cutline. Grant Enfinger has secured his spot in the Truck title race with a recent victory at Talladega. The passage also highlights the historical context of NASCAR\'s championship format, noting the shift to the ""Chase"" system in 2004, which contrasts with traditional point-based systems used in motorsports. Additionally, the weather forecast for the Truck race indicates cloudy skies with a high of 83 degrees and a low chance of rain, setting the stage for the event. The passage concludes with a reminder of the entertainment nature of the site and a caution regarding gambling.', '']",1. How do you think the current point standings will affect the strategies of the drivers in the upcoming races?,"2. What are your thoughts on the effectiveness of the ""Chase"" system compared to the traditional point system in determining a champion?",3. How do you perceive the impact of weather conditions on race outcomes in NASCAR?
60,**Title: Crew-8 Departure and Astronaut Safety**,"['', 'Had Crew-8 departed at the originally scheduled time, it would have created a critical situation for the astronauts, leaving them without a means to return home in the event of an urgent issue. Fortunately, the crew is currently in good spirits and health, ensuring their well-being during this mission.', '']",1. What do you think are the most important safety measures for astronauts during a mission?,2. How do you feel about the decision to delay Crew-8's departure for safety reasons?,"3. In your opinion, what are the potential risks of space missions that need to be addressed?"
61,### Title: SpaceX Falcon 9 Launch Recap and Space Exploration Updates,"['', ""On October 26, 2024, SpaceX successfully launched a Falcon 9 rocket from Cape Canaveral as part of the Starlink 10-8 mission, marking the 73rd launch of the year from Florida's Space Coast. The launch provided an opportunity for stunning nighttime photography, as the rocket illuminated the dark sky, creating a visually striking contrail. While sonic booms were not anticipated in Central Florida due to the first stage booster landing on a droneship in the Atlantic Ocean, local viewing spots like Bethune Beach offered amenities for spectators. Additionally, NASA's Crew-8, which had been launched to the International Space Station in March, awaited its return after a prolonged mission. The ongoing advancements in space exploration were highlighted by the achievements of United Launch Alliance (ULA) with its new Vulcan Centaur rockets and the final launches of its Atlas V and Delta IV Heavy rockets."", '']",1. How do you think the increasing frequency of rocket launches from Florida's Space Coast impacts public interest in space exploration?,2. What are your thoughts on the significance of nighttime launches for both scientific observation and public engagement?,"3. In what ways do you believe the advancements in rocket technology, like those from SpaceX and ULA, will shape the future of space travel?"
62,### Title: Unraveling History: Ancient DNA and the Sverris Saga,"['', ""Researchers from Norway have utilized ancient DNA to shed light on a narrative from the Sverris Saga, which recounts the tale of a man whose body was discarded into a well. Archaeologist Anna Petersén from the Norwegian Institute of Cultural Heritage Research notes that while the saga's account is not entirely accurate, it reveals a more intricate reality. The investigation confirmed that the archbishop's forces attacked the king's castle during the king's absence, with detailed descriptions of battles, including one around 1180 near Trondheim. The excavation led by Petersen and her team uncovered a skeleton that showed signs of a hard life, including a bad back from manual labor. Although the findings support the saga's story of the man thrown into the well, genetic epidemiologist Dana Kristjansson emphasizes that the evidence remains circumstantial, yet it highlights the man's life and experiences."", '']",1. How do you think the use of ancient DNA can change our understanding of historical narratives?,2. What implications do you think this research has for the credibility of historical texts like the Sverris Saga?,3. In what ways do you believe the findings about the man's life can influence our perception of social status in medieval Norway?
63,**Title: Approaching Asteroids: A Close Encounter with Earth**,"['', 'In the next 12 hours, several large asteroids, classified as ""potentially hazardous,"" are set to make their closest approach to Earth on Thursday, October 24. These asteroids range in size from 100 to 580 feet in diameter, raising concerns about their proximity to our planet. This event marks a significant moment as these space rocks will be nearing Earth simultaneously, prompting discussions about the implications of such close encounters.', '']",1. What do you think are the potential risks associated with asteroids approaching Earth so closely?,2. How do scientists monitor and assess the threat level of these potentially hazardous asteroids?,3. What measures do you believe should be taken to prepare for or mitigate the impact of a large asteroid if it were to collide with Earth?
64,**Title: The Vast Reach of the Euclid Space Telescope**,"['', 'The recent image released highlights the vast area of the sky that the Euclid space telescope will survey, allowing for detailed measurements of billions of galaxies. Jason Rhodes, an observational cosmologist at NASA’s Jet Propulsion Laboratory, emphasized the significance of this capability, which will enhance our understanding of the universe. The Euclid mission aims to provide insights into the structure and evolution of the cosmos, marking a significant advancement in observational astronomy.', '']",1. How do you think the detailed measurements of billions of galaxies will change our understanding of the universe?,2. What implications do you think the findings from the Euclid telescope could have on current theories of cosmology?,3. In what ways do you believe advancements in space telescopes like Euclid will influence future scientific research and exploration?
65,**Increased Chances of Aurora Borealis Viewing**,"['', 'In the coming years, the likelihood of witnessing the northern lights, or aurora borealis, is expected to rise as Earth remains in the solar maximum phase of the current solar cycle. This period is characterized by an increase in sunspots and heightened magnetic activity, as noted by the National Oceanic and Atmospheric Administration Space Weather Prediction Center. To enhance the experience of viewing this natural phenomenon, it is recommended to find a location with minimal light pollution.', '']",1. What do you think makes the aurora borealis such a captivating natural phenomenon for people to observe?,2. How do you feel about the impact of solar cycles on our ability to see the northern lights?,"3. Have you ever considered traveling to a specific location to see the aurora borealis, and if so, where would that be?"
66,**Title: NASA's Europa Clipper Mission and Its Broader Implications**,"['', ""NASA's Europa Clipper has begun its journey to Jupiter to explore Europa, a moon believed to harbor a vast subsurface ocean that could potentially support life. This mission is part of NASA's broader commitment to exploring the unknown in air and space, advancing scientific knowledge, and inspiring global discovery. In a related discussion, Dr. Padi Boyd, a NASA astrophysicist, highlights the excitement surrounding the launch and the implications of such explorations. Additionally, the National Academies of Sciences, Engineering, and Medicine have emphasized the need for advanced X-ray optics to enhance astronomical research, showcasing the ongoing efforts to push the boundaries of our understanding of the universe. "", '']",1. What do you think are the most significant challenges NASA might face during the Europa Clipper mission?,2. How do you believe the findings from the Europa Clipper could impact our understanding of life beyond Earth?,"3. In what ways do you think advancements in technology, like high-angular-resolution optics, will shape the future of space exploration?"
67,**Title: Engaging Citizens in Space Exploration**,"['', 'The passage highlights the importance of citizen involvement in advancing space science and exploration, particularly through initiatives that allow individuals to observe celestial phenomena like comets. It encourages participation in Space Forums for discussions on current missions and the night sky, fostering a community of space enthusiasts. Additionally, it invites readers to share news tips or comments, emphasizing a collaborative approach to space exploration. The mention of fresh telescope footage from the U.S. and a review of the Celestron NexStar 4SE telescope suggests a focus on accessible tools for amateur astronomers. ', '']",1. How do you think citizen involvement in space exploration can enhance scientific discoveries?,"2. What role do you believe technology, like telescopes, plays in making space observation more accessible to the public?",3. In what ways can community discussions about space missions influence public interest and support for space science?
68,**Title: The Role of Carbon Molecules in Understanding Life's Origins**,"['', 'The recent discovery of complex carbon molecules, specifically pyrene, in space marks a significant advancement in our quest to comprehend the origins of life. This groundbreaking research, published in the journal Science, suggests that polycyclic aromatic hydrocarbons (PAHs) could constitute a substantial portion of the carbon present in the interstellar medium (ISM). The intensity of the spectral bands associated with these molecules indicates their prevalence and potential importance in the chemical processes that may lead to the emergence of life.', '']",1. How do you think the discovery of PAHs in space could influence our understanding of the origins of life on Earth?,2. What implications might the presence of complex carbon molecules in the interstellar medium have for the search for extraterrestrial life?,3. In what ways do you think this research could impact future studies in astrobiology and chemistry?
69,### Title: Upcoming NRO Launches and SpaceX Operations,"['', ""In 2024, the National Reconnaissance Office (NRO) plans to conduct over seven launches to support its proliferated space architecture, with additional missions anticipated through 2028. The inaugural launch of this architecture, designated NROL-146, took place on May 22 aboard a Falcon 9 rocket, followed by subsequent missions NROL-186 on June 28 and NROL-113 on September 5, both launched from Vandenberg Space Force Base. The increase in launch frequency has raised concerns, particularly from the State Coastal Commission, which has expressed objections to the Air Force's proposal to escalate SpaceX launches from the base to 50 annually. Notably, the first stage booster of the Falcon 9 is designed to separate and land on the Of Course I Still Love You droneship in the Pacific Ocean approximately eight minutes post-launch."", '']",1. What are the potential implications of increasing the number of SpaceX launches on local environmental regulations?,2. How might the NRO's proliferated space architecture enhance national security?,3. What challenges do you think the NRO and SpaceX might face in meeting their ambitious launch schedules?
70,**Title: CDC Recommends Second COVID-19 Vaccine Dose for Seniors**,"['', ""The Centers for Disease Control and Prevention (CDC) is advising individuals aged 65 and older to receive a second dose of this season's COVID-19 vaccine, emphasizing that those who are willing should proceed with vaccination. Dr. William Schaffner, an infectious disease specialist at Vanderbilt University Medical Center, affirmed this recommendation, highlighting the ongoing challenges posed by the virus, which continues to spread and spike unpredictably throughout the year. This situation is particularly concerning for individuals with compromised immune systems, making it essential to enhance their protection against COVID-19."", '']",1. What are your thoughts on the CDC's recommendation for a second COVID-19 vaccine dose for seniors?,2. How do you feel about the ongoing unpredictability of COVID-19 and its impact on public health measures?,"3. In your opinion, what additional steps should be taken to protect vulnerable populations from COVID-19?"
71,**Title: Semaglutide and Its Potential Impact on Alzheimer's Risk in Type 2 Diabetes Patients**,"['', 'A recent study indicates that patients with type 2 diabetes who are treated with semaglutide experience a significantly reduced risk of developing Alzheimer’s disease. This research, which received funding from the National Institute on Aging and the National Center for Advancing Translational Sciences, highlights the potential benefits of semaglutide beyond its primary use in managing diabetes. The findings suggest a promising link between diabetes management and cognitive health, opening avenues for further exploration in the relationship between these conditions.', '']",1. What do you think are the implications of this study for diabetes treatment protocols?,2. How might this research influence future studies on the connection between metabolic health and neurodegenerative diseases?,"3. In your opinion, should more emphasis be placed on the cognitive effects of diabetes medications in clinical practice?"
72,**Investigating Gut Microbiota and Parkinson's Disease Risk**,"['', ""Research led by Pal is exploring the potential link between specific gut fungi or bacteria and the risk of developing Parkinson's disease, building on findings from a previous study in Finland. While the associations identified are considered mild and not significant enough to alter clinical decisions regarding the use of antibiotics or antifungals, they highlight the complexity of Parkinson's disease, which is believed to arise from a combination of genetic and environmental factors. Currently, the disease is diagnosed based on observable symptoms, as there is no definitive laboratory test available. Pal emphasizes that further investigation is necessary to better understand these associations before they can be integrated into medical decision-making."", '']",1. What are your thoughts on the potential role of gut microbiota in neurological diseases like Parkinson's?,2. How do you think advancements in understanding the gut-brain connection could impact future treatments for Parkinson's disease?,"3. Given that Parkinson's is primarily diagnosed based on symptoms, do you believe there should be more emphasis on research into biological markers for earlier detection?"
73,**Title: Concerns Over Bird Flu Outbreak and Its Potential Impact on Human Health**,"['', 'The ongoing investigation into additional cases of bird flu affecting dairy cows and poultry has raised alarms among public health experts regarding the potential for human-to-human transmission of the virus. As testing of more individuals on the farm is pending, the number of cases under investigation may fluctuate. The Oregon Department of Agriculture (ODA) has made an online map available to provide details about the quarantine area, highlighting the seriousness of the situation. ', '']",1. What measures do you think should be taken to prevent the spread of bird flu to humans?,2. How do you feel about the current response from public health officials regarding this outbreak?,3. What impact do you think this outbreak could have on the agricultural industry and food supply?
74,**Title: Updated Pneumococcal Vaccination Guidelines for Adults**,"['', 'The U.S. Centers for Disease Control and Prevention (CDC) has revised its recommendations for pneumococcal vaccination, lowering the eligible age from 65 to 50 years and older. This change, endorsed by the Advisory Committee on Immunization Practices (ACIP), promotes the use of CAPVAXIVE™ (Pneumococcal 21-valent Conjugate Vaccine), which covers approximately 84% of serotypes responsible for invasive pneumococcal disease, significantly more than the 52% coverage provided by the previously used PCV20. The shift in vaccination guidelines reflects a growing recognition that adults, particularly those with chronic conditions, are at risk for pneumococcal disease, and it aims to address health disparities affecting racial and ethnic minorities. Symptoms of pneumococcal infections can vary, with common signs including fatigue, fever, and cough, while younger children may experience additional symptoms like diarrhea and vomiting.', '', 'As the CDC continues to monitor and adapt to the evolving landscape of infectious diseases, this updated vaccination strategy underscores the importance of preventive health measures in reducing the incidence of pneumonia and related complications among adults.', '']",1. How do you think the updated age recommendation for pneumococcal vaccination will impact public health outcomes?,2. What are your thoughts on the importance of addressing health disparities in vaccination efforts?,3. In what ways do you believe increased awareness of pneumococcal disease can influence individual health decisions?
75,### Rising Cases of Walking Pneumonia in Children,"['', 'Recent emergency room data indicates a concerning rise in cases of ""walking pneumonia,"" also known as ""white lung pneumonia,"" particularly among young children. This surge follows a similar trend observed overseas last year. Pediatric infectious disease specialist Buddy Creech anticipates that these high levels of infection will persist for another month before beginning to decline as fall progresses. The increase in cases is partly attributed to the significant drop in other illnesses during the peak of the COVID-19 pandemic, leading to a delayed recognition of such infections. Symptoms typically develop gradually over two to three weeks, and while most children and young adults—up to 75%—recover without treatment, there are rare instances where the bacteria can spread beyond the lungs, potentially affecting the central nervous system and other areas. The CDC has noted a slight decrease in severe cases since August, but individuals with pre-existing respiratory or chronic conditions are advised to take precautions, such as wearing masks around those who are ill.', '']",1. What do you think are the main factors contributing to the recent spike in walking pneumonia cases among children?,2. How do you feel about the public health response to managing respiratory infections in the wake of the COVID-19 pandemic?,3. What precautions do you believe families should take to protect their children from respiratory infections like walking pneumonia?
76,"**Title: Food Safety Incident in Jessup, Maryland**","['', ""Preliminary investigations suggest that a recent food poisoning incident at a facility in Jessup, Maryland, was linked to outside food prepared by an employee and shared among others. The Howard County Department of Fire and Rescue Services reported that 46 individuals were taken to hospitals on Monday due to suspected food poisoning, although officials stated there is currently no indication of further risk associated with this incident. Emphasizing the importance of food safety, representatives from the facility highlighted the need for proper temperature control in food handling. Despite the incident, the facility's products remain safe for consumption, and there are no supply chain issues reported."", '']",1. What measures do you think should be implemented to prevent food safety incidents like this in the future?,2. How can employees be better trained to ensure they follow food safety protocols?,3. What role do you believe consumers play in ensuring the safety of the food they consume?
77,**Title: Human Cases of Bird Flu in California's Central Valley**,"['', 'The California Department of Public Health (CDPH) has reported 13 confirmed human cases of the H5N1 bird flu virus in the Central Valley, primarily linked to direct contact with infected animals, including birds and cattle, as well as contaminated environments. Erica Pan, the state epidemiologist, noted the potential for underreporting among agricultural workers, prompting the state to collaborate with a multilingual team from the U.S. Centers for Disease Control and Prevention to investigate these infections. Efforts are being made to ensure that affected workers receive consistent medical care through a designated provider. Additionally, the USDA has reported a 9% decrease in turkey eggs in incubators compared to the previous year, highlighting the broader impact of the virus on poultry production.', '']",1. What measures do you think should be taken to prevent the spread of bird flu among agricultural workers?,2. How do you feel about the potential underreporting of bird flu cases in the farming community?,3. What impact do you think the decrease in turkey egg production will have on the poultry industry and consumers?
78,**Title: Understanding Dense Breasts and Cancer Detection**,"['', ""The primary concern regarding dense breasts is not their presence but their potential to obscure cancer detection on mammograms. While dense breasts are common and normal, the new regulations surrounding their identification may lead to increased inquiries and online searches among patients, prompting healthcare professionals to provide clear guidance to alleviate any panic. Additionally, research highlights a significant correlation between food insecurity and elevated cancer mortality rates, emphasizing the need for improved access to health resources, including regular screenings and nutrition. Bayer’s “Take Care, Now” initiative aims to raise awareness about these critical health issues, particularly in light of the FDA's recent recommendations."", '']",1. How do you think the new regulations on dense breasts will impact patient anxiety regarding mammograms?,2. In what ways can healthcare providers better support individuals facing food insecurity to reduce cancer risks?,"3. What role do you believe public health initiatives, like Bayer’s “Take Care, Now,” play in addressing disparities in cancer detection and treatment?"
