U.S.,World,Business,Technology,Entertainment,Sports,Science,Health
"(0, 'https://news.google.com/stories/CAAqNggKIjBDQklTSGpvSmMzUnZjbmt0TXpZd1NoRUtEd2lwNUxhYkRoRlZGQWFKbEExcVhpZ0FQAQ?hl=en-US&gl=US&ceid=US%3Aen', 'https://news.google.com/api/attachments/CC8iI0NnNVNRMHR3WTBFNVZGRm5aV2hDVFJDZkF4amlCU2dLTWdB=-w280-h168-p-df')","(10, 'https://news.google.com/stories/CAAqNggKIjBDQklTSGpvSmMzUnZjbmt0TXpZd1NoRUtEd2lVb2FDTERoSDdLVDhTc1pRdXZTZ0FQAQ?hl=en-US&gl=US&ceid=US%3Aen', 'https://news.google.com/api/attachments/CC8iI0NnNWhOSFJFUXpSV01YSkdiMEZ5VFJERUF4aW1CU2dLTWdB=-w280-h168-p-df')","(20, 'https://news.google.com/stories/CAAqNggKIjBDQklTSGpvSmMzUnZjbmt0TXpZd1NoRUtEd2l4dnNpWURoRzFBYzdpaFJDSXRDZ0FQAQ?hl=en-US&gl=US&ceid=US%3Aen', 'https://news.google.com/api/attachments/CC8iI0NnNWhhR0pxVFdObGFITkJibDlxVFJEX0FoaXBCU2dLTWdB=-w280-h168-p-df')","(30, 'https://news.google.com/stories/CAAqNggKIjBDQklTSGpvSmMzUnZjbmt0TXpZd1NoRUtEd2lSNEtPS0RoR3BlRUZ4N3lxWG1TZ0FQAQ?hl=en-US&gl=US&ceid=US%3Aen', 'https://news.google.com/api/attachments/CC8iI0NnNDFiMWxXUWxVMGIweDZUMVJ0VFJERUF4aW1CU2dLTWdB=-w280-h168-p-df')","(36, 'https://news.google.com/stories/CAAqNggKIjBDQklTSGpvSmMzUnZjbmt0TXpZd1NoRUtEd2pwb291Z0RoRkNnTi1jVHJmRGJTZ0FQAQ?hl=en-US&gl=US&ceid=US%3Aen', 'https://news.google.com/api/attachments/CC8iI0NnNXZXVXd4UW1wTlptTk5PRmRXVFJDM0FoalJBeWdLTWdB=-w280-h168-p-df')","(46, 'https://news.google.com/stories/CAAqNggKIjBDQklTSGpvSmMzUnZjbmt0TXpZd1NoRUtEd2lKbXVPV0RoSGRJYS12WVA5YWVpZ0FQAQ?hl=en-US&gl=US&ceid=US%3Aen', 'https://news.google.com/api/attachments/CC8iK0NnNXZjME5CZWpodGNUSlNRWHAwVFJERUF4aW1CU2dLTWdZWlFwckxuUWs=-w280-h168-p-df')","(56, 'https://news.google.com/stories/CAAqNggKIjBDQklTSGpvSmMzUnZjbmt0TXpZd1NoRUtEd2lwbE9XZkRoR2daNTFBUUdxNk9DZ0FQAQ?hl=en-US&gl=US&ceid=US%3Aen', 'https://news.google.com/api/attachments/CC8iK0NnNXFhR1ZvWTB4c2RrWXdjVUZSVFJEaEFSaVFBeWdLTWdZQnA0aGhRZ1E=-w280-h168-p-df')","(66, 'https://news.google.com/stories/CAAqNggKIjBDQklTSGpvSmMzUnZjbmt0TXpZd1NoRUtEd2poazVpZ0RoR1ZzaDExTkJFbTNDZ0FQAQ?hl=en-US&gl=US&ceid=US%3Aen', 'https://news.google.com/api/attachments/CC8iI0NnNWxhR3g1VEZCYVJrZ3hjbWRMVFJEM0FoallCQ2dLTWdB=-w280-h168-p-df')"
"(1, 'https://news.google.com/stories/CAAqNggKIjBDQklTSGpvSmMzUnZjbmt0TXpZd1NoRUtEd2lpOHJXZ0RoR0lrcEUzRVFUdW1TZ0FQAQ?hl=en-US&gl=US&ceid=US%3Aen', 'https://news.google.com/api/attachments/CC8iI0NnNXpTMnhqU1MxRFZGQlJiM2RGVFJDUUF4allCQ2dLTWdB=-w280-h168-p-df')","(11, 'https://news.google.com/stories/CAAqNggKIjBDQklTSGpvSmMzUnZjbmt0TXpZd1NoRUtEd2p5dHVHWERoRWRNX3ZET19vVDNDZ0FQAQ?hl=en-US&gl=US&ceid=US%3Aen', 'https://news.google.com/api/attachments/CC8iMkNnNXdSa05VYzNwb04yWmpUbnBYVFJEMEFoalJBeWdLTWd1QkVZanpQS1NwTTNsbXdR=-w280-h168-p-df')","(21, 'https://news.google.com/stories/CAAqNggKIjBDQklTSGpvSmMzUnZjbmt0TXpZd1NoRUtEd2pKMXAtU0RoR0Vya2xKVWVyRm1TZ0FQAQ?hl=en-US&gl=US&ceid=US%3Aen', 'https://news.google.com/api/attachments/CC8iK0NnNWplbVIzV0V0UlRWSlpUR28xVFJDZkF4ampCU2dLTWdhbEpKU3VtUWs=-w280-h168-p-df')","(31, 'https://news.google.com/stories/CAAqNggKIjBDQklTSGpvSmMzUnZjbmt0TXpZd1NoRUtEd2l2NnI2ZURoRXVzMl9KTW1TYUFDZ0FQAQ?hl=en-US&gl=US&ceid=US%3Aen', 'https://news.google.com/api/attachments/CC8iK0NnNVJWVVZIZDNOdlNFTlRWMFp2VFJDZkF4ampCU2dLTWdZaGxJNk5PUVk=-w280-h168-p-df')","(37, 'https://news.google.com/stories/CAAqNggKIjBDQklTSGpvSmMzUnZjbmt0TXpZd1NoRUtEd2pxMnZTTERoRkpxN05ZQkhVWHlpZ0FQAQ?hl=en-US&gl=US&ceid=US%3Aen', 'https://news.google.com/api/attachments/CC8iK0NnNVZSemhzY1ZBMlRVTnlSMEV0VFJDOEF4allCQ2dLTWdhbEpKYU1GUW8=-w280-h168-p-df')","(47, 'https://news.google.com/stories/CAAqNggKIjBDQklTSGpvSmMzUnZjbmt0TXpZd1NoRUtEd2lieVAtR0RoRkZLc3JBcEdzR0V5Z0FQAQ?hl=en-US&gl=US&ceid=US%3Aen', 'https://news.google.com/api/attachments/CC8iK0NnNVFSUzFJTjJOcU9Wa3lRVkpRVFJEcUFSaWdBeWdLTWdZUkFJb29tZ2s=-w280-h168-p-df')","(57, 'https://news.google.com/stories/CAAqNggKIjBDQklTSGpvSmMzUnZjbmt0TXpZd1NoRUtEd2pOOE95TkRoRWFvV0o3WHJMTGtpZ0FQAQ?hl=en-US&gl=US&ceid=US%3Aen', 'https://news.google.com/api/attachments/CC8iK0NnNDRTRXAyWVhKMU9GOW5WR0p2VFJEQUFoamdBeWdLTWdZbGhaRE5zUVk=-w280-h168-p-df')","(67, 'https://news.google.com/stories/CAAqNggKIjBDQklTSGpvSmMzUnZjbmt0TXpZd1NoRUtEd2pGeXUtYURoSG85TDlBYlhhdC1DZ0FQAQ?hl=en-US&gl=US&ceid=US%3Aen', 'https://news.google.com/api/attachments/CC8iL0NnNTVUMVI1TlVkck1qRTBTMFowVFJERUF4aW1CU2dLTWdtZElZb0tzdVkxNUFJ=-w280-h168-p-df')"
"(2, 'https://news.google.com/stories/CAAqNggKIjBDQklTSGpvSmMzUnZjbmt0TXpZd1NoRUtEd2lMdXYtZERoRU5hMTBPQ3pxR19DZ0FQAQ?hl=en-US&gl=US&ceid=US%3Aen', 'https://news.google.com/api/attachments/CC8iL0NnNXlPV2hWVTNGbWExTnVZMWhCVFJERUF4aW1CU2dLTWdrQllJN3ZJQ2c5c0FF=-w280-h168-p-df')","(12, 'https://news.google.com/stories/CAAqNggKIjBDQklTSGpvSmMzUnZjbmt0TXpZd1NoRUtEd2pnNlptTURoRzJyajBmTUUwcElDZ0FQAQ?hl=en-US&gl=US&ceid=US%3Aen', 'https://news.google.com/api/attachments/CC8iJ0NnNVBOWFJ4YjNKU2JVUTBhbkl4VFJERUF4aW1CU2dLTWdPQnNRbw=-w280-h168-p-df')","(22, 'https://news.google.com/stories/CAAqNggKIjBDQklTSGpvSmMzUnZjbmt0TXpZd1NoRUtEd2pzdnM2ZkRoR1dTalFDenFOZE5TZ0FQAQ?hl=en-US&gl=US&ceid=US%3Aen', 'https://news.google.com/api/attachments/CC8iK0NnNWtOV1UwVm5kMlUxSjVhVU5QVFJDS0F4aThCU2dLTWdZQk1JeFJwUWc=-w280-h168-p-df')","(32, 'https://news.google.com/stories/CAAqNggKIjBDQklTSGpvSmMzUnZjbmt0TXpZd1NoRUtEd2lTdFBXQ0RoRUZXZHFxUGgzdzJTZ0FQAQ?hl=en-US&gl=US&ceid=US%3Aen', 'https://news.google.com/api/attachments/CC8iK0NnNUpUVVJGTjA0MldEWmxSRk5YVFJEb0FoaUFCU2dLTWdhSmdaS3JzUVk=-w280-h168-p-df')","(38, 'https://news.google.com/stories/CAAqNggKIjBDQklTSGpvSmMzUnZjbmt0TXpZd1NoRUtEd2l6MVpXYkRoRk5ESHlHZXFrWlhTZ0FQAQ?hl=en-US&gl=US&ceid=US%3Aen', 'https://news.google.com/api/attachments/CC8iK0NnNTRhRTh3Y1drd2FsTnJXVlV6VFJDZkF4amlCU2dLTWdZVmc0aG5yZ2M=-w280-h168-p-df')","(48, 'https://news.google.com/stories/CAAqNggKIjBDQklTSGpvSmMzUnZjbmt0TXpZd1NoRUtEd2k2OWJpWURoR0VYcmpheGRaalhDZ0FQAQ?hl=en-US&gl=US&ceid=US%3Aen', 'https://news.google.com/api/attachments/CC8iK0NnNHljVzB0VERaTGFWRTFOa1YxVFJERUF4aW1CU2dLTWdhcFpJNnVxUWM=-w280-h168-p-df')","(58, 'https://news.google.com/stories/CAAqNggKIjBDQklTSGpvSmMzUnZjbmt0TXpZd1NoRUtEd2p6b2VhSkRoRThZV0dweVo2YkRDZ0FQAQ?hl=en-US&gl=US&ceid=US%3Aen', 'https://news.google.com/api/attachments/CC8iI0NnNXZhbDkxUVVwT1NGcDVVelZZVFJEVEF4aVJCU2dLTWdB=-w280-h168-p-df')","(68, 'https://news.google.com/stories/CAAqNggKIjBDQklTSGpvSmMzUnZjbmt0TXpZd1NoRUtEd2plM2JlWkRoRmR5VDlzUm1YRFZ5Z0FQAQ?hl=en-US&gl=US&ceid=US%3Aen', 'https://news.google.com/api/attachments/CC8iI0NnNXJhRmxLUzBFNWMxbGxSREJ6VFJDcUF4al9CQ2dLTWdB=-w280-h168-p-df')"
"(3, 'https://news.google.com/stories/CAAqNggKIjBDQklTSGpvSmMzUnZjbmt0TXpZd1NoRUtEd2o5cktDZ0RoSGxhZGhncU9uR0RpZ0FQAQ?hl=en-US&gl=US&ceid=US%3Aen', 'https://news.google.com/api/attachments/CC8iI0NnNXJZa0l5YzJSRFgyMUxVM1ZIVFJDZkF4ampCU2dLTWdB=-w280-h168-p-df')","(13, 'https://news.google.com/stories/CAAqNggKIjBDQklTSGpvSmMzUnZjbmt0TXpZd1NoRUtEd2lteDhyNkRSRXY3Z1FUaDhIaEZTZ0FQAQ?hl=en-US&gl=US&ceid=US%3Aen', 'https://news.google.com/api/attachments/CC8iK0NnNXhTekprZW5selIydERjVkJVVFJDZkF4ampCU2dLTWdZQllvd1RxUWM=-w280-h168-p-df')","(23, 'https://news.google.com/stories/CAAqNggKIjBDQklTSGpvSmMzUnZjbmt0TXpZd1NoRUtEd2lpMmRhSURoR1F5TWtlczF5a3NDZ0FQAQ?hl=en-US&gl=US&ceid=US%3Aen', 'https://news.google.com/api/attachments/CC8iL0NnNWhRelpCU0hGQ1ZqUnZaWEkwVFJDUUF4allCQ2dLTWdtRllJN2t1aVUxS2dJ=-w280-h168-p-df')","(33, 'https://news.google.com/stories/CAAqNggKIjBDQklTSGpvSmMzUnZjbmt0TXpZd1NoRUtEd2pJcWRPWkRoRkJTTVR3ZHJlUkxTZ0FQAQ?hl=en-US&gl=US&ceid=US%3Aen', 'https://news.google.com/api/attachments/CC8iL0NnNXdRVEJ6YUZsV05HbEhVMFZzVFJDa0FSaXpBaWdCTWdtSlVKSzNzS2R6Q3dJ=-w280-h168-p-df')","(39, 'https://news.google.com/stories/CAAqNggKIjBDQklTSGpvSmMzUnZjbmt0TXpZd1NoRUtEd2pIazdtTERoR3k1OEN5d2VtcUhTZ0FQAQ?hl=en-US&gl=US&ceid=US%3Aen', 'https://news.google.com/api/attachments/CC8iK0NnNDNkM2hKUkhsbFJHMXVSV0k0VFJESEF4aWlCU2dLTWdZbEpwRHNGUW8=-w280-h168-p-df')","(49, 'https://news.google.com/stories/CAAqNggKIjBDQklTSGpvSmMzUnZjbmt0TXpZd1NoRUtEd2kxdXN1WkRoSGQ0LXFOMUl5UW5TZ0FQAQ?hl=en-US&gl=US&ceid=US%3Aen', 'https://news.google.com/api/attachments/CC8iK0NnNXplbDh5YjBKemJ6ZzRiWE5tVFJDVkF4alFCU2dLTWdZRklwcExsUW8=-w280-h168-p-df')","(59, 'https://news.google.com/stories/CAAqNggKIjBDQklTSGpvSmMzUnZjbmt0TXpZd1NoRUtEd2pnblkyZ0RoSHo3Y0dubmR3R3dDZ0FQAQ?hl=en-US&gl=US&ceid=US%3Aen', 'https://news.google.com/api/attachments/CC8iK0NnNDFhMGxKV1dseVJqVjBVV3BOVFJDZ0F4amdCU2dLTWdZZFk1cExwUWc=-w280-h168-p-df')","(69, 'https://news.google.com/stories/CAAqNggKIjBDQklTSGpvSmMzUnZjbmt0TXpZd1NoRUtEd2k0MUxTZURoSDdVMG1XQmotcUppZ0FQAQ?hl=en-US&gl=US&ceid=US%3Aen', 'https://news.google.com/api/attachments/CC8iK0NnNWxTMTgxZFZoUk5FTkxhamhvVFJEREF4aW9CU2dLTWdZbE1JNFBxUWM=-w280-h168-p-df')"
"(4, 'https://news.google.com/stories/CAAqNggKIjBDQklTSGpvSmMzUnZjbmt0TXpZd1NoRUtEd2o2aV9LZkRoRWQzWVVELXZfYUppZ0FQAQ?hl=en-US&gl=US&ceid=US%3Aen', 'https://news.google.com/api/attachments/CC8iI0NnNU9jVUZNUW0xU05WVnZiMHRXVFJERUF4aW1CU2dLTWdB=-w280-h168-p-df')","(14, 'https://news.google.com/stories/CAAqNggKIjBDQklTSGpvSmMzUnZjbmt0TXpZd1NoRUtEd2pRdjhlTURoR2xOVUJuQV9kbUNDZ0FQAQ?hl=en-US&gl=US&ceid=US%3Aen', 'https://news.google.com/api/attachments/CC8iK0NnNW1TRVp6UW1oeE5UaDFVRFZNVFJDZkF4ampCU2dLTWdZcFZaU3VKUWc=-w280-h168-p-df')","(24, 'https://news.google.com/stories/CAAqNggKIjBDQklTSGpvSmMzUnZjbmt0TXpZd1NoRUtEd2oxMzhDWURoRXZWUGZnSFlpRmlpZ0FQAQ?hl=en-US&gl=US&ceid=US%3Aen', 'https://news.google.com/api/attachments/CC8iK0NnNWpZVzVDUzIxR05rOVhOM0JzVFJDUUF4allCQ2dLTWdZVmVJNW9MZ2M=-w280-h168-p-df')","(34, 'https://news.google.com/stories/CAAqNggKIjBDQklTSGpvSmMzUnZjbmt0TXpZd1NoRUtEd2lCc3J5VURoRWJmS2lYRmpHVVpTZ0FQAQ?hl=en-US&gl=US&ceid=US%3Aen', 'https://news.google.com/api/attachments/CC8iK0NnNW1kRTR6Y1UxRFF5MHdkM3AwVFJDZkF4ampCU2dLTWdhbFJJeXRJUWc=-w280-h168-p-df')","(40, 'https://news.google.com/stories/CAAqNggKIjBDQklTSGpvSmMzUnZjbmt0TXpZd1NoRUtEd2lHeFB1TERoRlNSTzlySGJVUWNpZ0FQAQ?hl=en-US&gl=US&ceid=US%3Aen', 'https://news.google.com/api/attachments/CC8iL0NnNHliRWRYV25FM1QycGZUbk5EVFJEX0FoaXBCU2dLTWdrQkVJRGpUQ0pyeHdF=-w280-h168-p-df')","(50, 'https://news.google.com/stories/CAAqNggKIjBDQklTSGpvSmMzUnZjbmt0TXpZd1NoRUtEd2pRNGZpYkRoSE5ZME1OVS1RME1DZ0FQAQ?hl=en-US&gl=US&ceid=US%3Aen', 'https://news.google.com/api/attachments/CC8iL0NnNW5TekJrYVdWS1N6UlZMV1pKVFJERUF4aW1CU2dLTWdrZElJUlEwR09TeEFJ=-w280-h168-p-df')","(60, 'https://news.google.com/stories/CAAqNggKIjBDQklTSGpvSmMzUnZjbmt0TXpZd1NoRUtEd2lEay15SURoRkpsbXJ6cDFwRk5TZ0FQAQ?hl=en-US&gl=US&ceid=US%3Aen', 'https://news.google.com/api/attachments/CC8iJ0NnNUVTblozUXpCTkxWZDFWR3RUVFJDZkF4ampCU2dLTWdNQm9BUQ=-w280-h168-p-df')","(70, 'https://news.google.com/stories/CAAqNggKIjBDQklTSGpvSmMzUnZjbmt0TXpZd1NoRUtEd2k2MEo2Y0RoSGJWaUY4aG9wQ3RTZ0FQAQ?hl=en-US&gl=US&ceid=US%3Aen', 'https://news.google.com/api/attachments/CC8iL0NnNHpOSFJDTkVReFltWmxlbVl6VFJDZkF4ampCU2dLTWdtSkVvd3BtV2xjRGdJ=-w280-h168-p-df')"
"(5, 'https://news.google.com/stories/CAAqNggKIjBDQklTSGpvSmMzUnZjbmt0TXpZd1NoRUtEd2oyazdpWkRoSGJoTzlhWGhGMC1TZ0FQAQ?hl=en-US&gl=US&ceid=US%3Aen', 'https://news.google.com/api/attachments/CC8iL0NnNXhkVVJVT0hCWmJVUm9ZbWRKVFJERUF4aW1CU2dLTWdtbEk0cnN5YVJVeEFJ=-w280-h168-p-df')","(15, 'https://news.google.com/stories/CAAqNggKIjBDQklTSGpvSmMzUnZjbmt0TXpZd1NoRUtEd2k4bzc2WkRoSGZIbEhLZ3RCZzV5Z0FQAQ?hl=en-US&gl=US&ceid=US%3Aen', 'https://news.google.com/api/attachments/CC8iK0NnNUJaVFZLWkVKdVZIVnVibkZOVFJDUUF4allCQ2dLTWdZQmdJNkNOUWM=-w280-h168-p-df')","(25, 'https://news.google.com/stories/CAAqNggKIjBDQklTSGpvSmMzUnZjbmt0TXpZd1NoRUtEd2lOakp5ZkRoRzJGRlRWbERPaFpTZ0FQAQ?hl=en-US&gl=US&ceid=US%3Aen', 'https://news.google.com/api/attachments/CC8iI0NnNVVPVE5JYWw5QmFEYzNZVmQ0VFJDZkF4ampCU2dLTWdB=-w280-h168-p-df')","(35, 'https://news.google.com/stories/CAAqNggKIjBDQklTSGpvSmMzUnZjbmt0TXpZd1NoRUtEd2ljNUsyZkRoR3czLVB2SllZLWp5Z0FQAQ?hl=en-US&gl=US&ceid=US%3Aen', 'https://news.google.com/api/attachments/CC8iK0NnNWhabkpqZFdsdlR6aDZWblJsVFJEUUF4aVZCU2dLTWdZbE5KYU9uUWc=-w280-h168-p-df')","(41, 'https://news.google.com/stories/CAAqNggKIjBDQklTSGpvSmMzUnZjbmt0TXpZd1NoRUtEd2pLcy1pWURoRzVDSUVfcl9zSTZpZ0FQAQ?hl=en-US&gl=US&ceid=US%3Aen', 'https://news.google.com/api/attachments/CC8iK0NnNDBZbXhGYUVkcGJYaFlTVW8yVFJERUF4aW1CU2dLTWdZQklJcU5FUW8=-w280-h168-p-df')","(51, 'https://news.google.com/stories/CAAqNggKIjBDQklTSGpvSmMzUnZjbmt0TXpZd1NoRUtEd2p2dThlUkRoRzhULUxjQ2ZrQkRTZ0FQAQ?hl=en-US&gl=US&ceid=US%3Aen', 'https://news.google.com/api/attachments/CC8iK0NnNXJVM0oxYkU0M1FURllSakZFVFJDZkF4ampCU2dLTWdhZEZZYk1LUVk=-w280-h168-p-df')","(61, 'https://news.google.com/stories/CAAqNggKIjBDQklTSGpvSmMzUnZjbmt0TXpZd1NoRUtEd2lMakxTYkRoRlNzQmc5aWRjV1pTZ0FQAQ?hl=en-US&gl=US&ceid=US%3Aen', 'https://news.google.com/api/attachments/CC8iK0NnNWxaWFkyUjBJM01rbE1iVGgyVFJDZkF4ampCU2dLTWdZZGdwU01NUWM=-w280-h168-p-df')","(71, 'https://news.google.com/stories/CAAqNggKIjBDQklTSGpvSmMzUnZjbmt0TXpZd1NoRUtEd2ltZ01hZERoRU9UeHNmdXc2SE55Z0FQAQ?hl=en-US&gl=US&ceid=US%3Aen', 'https://news.google.com/api/attachments/CC8iK0NnNDJNMjh6VFZNM2IxWTVaV3RrVFJDZkF4ampCU2dLTWdhZEFvajFnQXc=-w280-h168-p-df')"
"(6, 'https://news.google.com/stories/CAAqNggKIjBDQklTSGpvSmMzUnZjbmt0TXpZd1NoRUtEd2p5cy1xZkRoR2pnemVCS3lzejlpZ0FQAQ?hl=en-US&gl=US&ceid=US%3Aen', 'https://news.google.com/api/attachments/CC8iL0NnNVFOSFppTjJkTlNGVk9Tekp6VFJDZkF4ampCU2dLTWdtTmNZN1dNT2FwalFF=-w280-h168-p-df')","(16, 'https://news.google.com/stories/CAAqNggKIjBDQklTSGpvSmMzUnZjbmt0TXpZd1NoRUtEd2k4bzl5VERoSFNNdWZXWXR6Ym15Z0FQAQ?hl=en-US&gl=US&ceid=US%3Aen', 'https://news.google.com/api/attachments/CC8iJ0NnNTBOalJGTjNkQmFVTnRkVFJEVFJDZkF4ampCU2dLTWdNQmdSSQ=-w280-h168-p-df')","(26, 'https://news.google.com/stories/CAAqNggKIjBDQklTSGpvSmMzUnZjbmt0TXpZd1NoRUtEd2lWaFBLYkRoSEkxNzcwTGxMdDhTZ0FQAQ?hl=en-US&gl=US&ceid=US%3Aen', 'https://news.google.com/api/attachments/CC8iK0NnNWtVR1Z2Vm5odFdtUjBhWGswVFJDZkF4amlCU2dLTWdhQkFZZ3ZPUVU=-w280-h168-p-df')","('0_empty', '0', '0')","(42, 'https://news.google.com/stories/CAAqNggKIjBDQklTSGpvSmMzUnZjbmt0TXpZd1NoRUtEd2l2ODV1Z0RoSFN0aFl1Z3Z6bFFDZ0FQAQ?hl=en-US&gl=US&ceid=US%3Aen', 'https://news.google.com/api/attachments/CC8iK0NnNURaMnB1TlRNMmNYTkdkMmxIVFJEZ0F4aUFCU2dLTWdhbE5aVE5KUWM=-w280-h168-p-df')","(52, 'https://news.google.com/stories/CAAqNggKIjBDQklTSGpvSmMzUnZjbmt0TXpZd1NoRUtEd2kyNnNhSkRoSDZjZ2pmZ2tpa3JTZ0FQAQ?hl=en-US&gl=US&ceid=US%3Aen', 'https://news.google.com/api/attachments/CC8iK0NnNXlhbW95Y21nNFZTMVJRMTluVFJDb0FSaXNBaWdCTWdhaGxJcUx0UVk=-w280-h168-p-df')","(62, 'https://news.google.com/stories/CAAqNggKIjBDQklTSGpvSmMzUnZjbmt0TXpZd1NoRUtEd2lVa0xXWkRoRUVXOWl6MzNxNXVDZ0FQAQ?hl=en-US&gl=US&ceid=US%3Aen', 'https://news.google.com/api/attachments/CC8iK0NnNVdabTl5Ym13d1IwMWhiMVI1VFJDZkF4ampCU2dLTWdZaGRJcU5NUVU=-w280-h168-p-df')","(72, 'https://news.google.com/stories/CAAqNggKIjBDQklTSGpvSmMzUnZjbmt0TXpZd1NoRUtEd2owNk9XWERoSGN3a2RKcXluTVFDZ0FQAQ?hl=en-US&gl=US&ceid=US%3Aen', 'https://news.google.com/api/attachments/CC8iK0NnNDBhMnRVVVVFM1JHZzJValZpVFJDM0FSaVRBaWdCTWdiQlVvZ3pKUWc=-w280-h168-p-df')"
"(7, 'https://news.google.com/stories/CAAqNggKIjBDQklTSGpvSmMzUnZjbmt0TXpZd1NoRUtEd2lwNk1XYURoRVJoalhidm5iTG9pZ0FQAQ?hl=en-US&gl=US&ceid=US%3Aen', 'https://news.google.com/api/attachments/CC8iK0NnNU9iWEZhTmtoNFdqVXRZekZRVFJDMkFoalJBeWdLTWdZaGc1Q3RPUVk=-w280-h168-p-df')","(17, 'https://news.google.com/stories/CAAqNggKIjBDQklTSGpvSmMzUnZjbmt0TXpZd1NoRUtEd2pUeE5HWERoRlFpTnl2ZDlaN0NDZ0FQAQ?hl=en-US&gl=US&ceid=US%3Aen', 'https://news.google.com/api/attachments/CC8iK0NnNTFiREUxYzNoV1NqZDVUVFJvVFJEVkFSakFBaWdLTWdZQkFZNmhpZ2M=-w280-h168-p-df')","(27, 'https://news.google.com/stories/CAAqNggKIjBDQklTSGpvSmMzUnZjbmt0TXpZd1NoRUtEd2pOOHFTYURoR2VnaE9VNGhhYU9TZ0FQAQ?hl=en-US&gl=US&ceid=US%3Aen', 'https://news.google.com/api/attachments/CC8iL0NnNU9SbWwzVm5OSVpGQldjRFZwVFJDZkF4ampCU2dLTWdrQk1ZVHptS1dDY0FF=-w280-h168-p-df')","('0_empty', '0', '0')","(43, 'https://news.google.com/stories/CAAqNggKIjBDQklTSGpvSmMzUnZjbmt0TXpZd1NoRUtEd2lEaVBTZERoR2tpVjVyNlhOdTJ5Z0FQAQ?hl=en-US&gl=US&ceid=US%3Aen', 'https://news.google.com/api/attachments/CC8iK0NnNUpaemcyWDFGb1owWlBhMFpsVFJDZkF4amlCU2dLTWdZWkZKNXBsUW8=-w280-h168-p-df')","(53, 'https://news.google.com/stories/CAAqNggKIjBDQklTSGpvSmMzUnZjbmt0TXpZd1NoRUtEd2k0dmFMNERSRmFKQ1l5bnpfc0hTZ0FQAQ?hl=en-US&gl=US&ceid=US%3Aen', 'https://news.google.com/api/attachments/CC8iK0NnNUVSMDlKVWxWTVZsQnhURFZWVFJDb0FSaXNBaWdCTWdZTkJKNlBGUW8=-w280-h168-p-df')","(63, 'https://news.google.com/stories/CAAqNggKIjBDQklTSGpvSmMzUnZjbmt0TXpZd1NoRUtEd2pUN1lpZkRoSE1rM1l5eFdIMWVpZ0FQAQ?hl=en-US&gl=US&ceid=US%3Aen', 'https://news.google.com/api/attachments/CC8iK0NnNHllRGRrU25NMlduTkpNVFZNVFJDZkF4ampCU2dLTWdhMU01WnduUWs=-w280-h168-p-df')","(73, 'https://news.google.com/stories/CAAqNggKIjBDQklTSGpvSmMzUnZjbmt0TXpZd1NoRUtEd2p1cjRpTURoRVNMdUlaV1F2T25DZ0FQAQ?hl=en-US&gl=US&ceid=US%3Aen', 'https://news.google.com/api/attachments/CC8iK0NnNHpMVTF2Tm5JMFduSnBXRzFPVFJDVkF4ajFCU2dLTWdhVk1ZaktvUVE=-w280-h168-p-df')"
"(8, 'https://news.google.com/stories/CAAqNggKIjBDQklTSGpvSmMzUnZjbmt0TXpZd1NoRUtEd2pseHZHZURoRzhIWF8tSHItT3RTZ0FQAQ?hl=en-US&gl=US&ceid=US%3Aen', 'https://news.google.com/api/attachments/CC8iK0NnNWFURUZpWlVkcmRFeHFXVFV3VFJEUEF4aVhCU2dLTWdZSlFwRE1KUWM=-w280-h168-p-df')","(18, 'https://news.google.com/stories/CAAqNggKIjBDQklTSGpvSmMzUnZjbmt0TXpZd1NoRUtEd2pFdE0yQ0RoRjBhRW5ydlh3bUVTZ0FQAQ?hl=en-US&gl=US&ceid=US%3Aen', 'https://news.google.com/api/attachments/CC8iK0NnNXJWVWRwYTFkVVFreEJOVFpJVFJDUEF4alhCQ2dLTWdZdFE1UXZJUWs=-w280-h168-p-df')","(28, 'https://news.google.com/stories/CAAqNggKIjBDQklTSGpvSmMzUnZjbmt0TXpZd1NoRUtEd2lVN01tZkRoSG10QW81Y3ljVnN5Z0FQAQ?hl=en-US&gl=US&ceid=US%3Aen', 'https://news.google.com/api/attachments/CC8iL0NnNVhMVVUxZWpBd2RWaDZiSGhQVFJDZkF4amlCU2dLTWdrVkFvRHFSYUpFeGdJ=-w280-h168-p-df')","('0_empty', '0', '0')","(44, 'https://news.google.com/stories/CAAqNggKIjBDQklTSGpvSmMzUnZjbmt0TXpZd1NoRUtEd2laZzRXTURoRU5OMHB2d2d1N2lTZ0FQAQ?hl=en-US&gl=US&ceid=US%3Aen', 'https://news.google.com/api/attachments/CC8iK0NnNDRNRk5rYjNoemFuUjFTRU5LVFJDT0FoamdBeWdLTWdZcE5vYk5JUWs=-w280-h168-p-df')","(54, 'https://news.google.com/stories/CAAqNggKIjBDQklTSGpvSmMzUnZjbmt0TXpZd1NoRUtEd2lZbVBLV0RoRXZnMnBrRXNiZXpTZ0FQAQ?hl=en-US&gl=US&ceid=US%3Aen', 'https://news.google.com/api/attachments/CC8iI0NnNDFOblprYmxocGFHaDVha1YyVFJERUF4aW1CU2dLTWdB=-w280-h168-p-df')","(64, 'https://news.google.com/stories/CAAqNggKIjBDQklTSGpvSmMzUnZjbmt0TXpZd1NoRUtEd2pkNjZhY0RoSEdVNUp6ZGJUZXFpZ0FQAQ?hl=en-US&gl=US&ceid=US%3Aen', 'https://news.google.com/api/attachments/CC8iI0NnNHRSakJOTkVOYU9ERnNORVp1VFJDZkF4ampCU2dLTWdB=-w280-h168-p-df')","(74, 'https://news.google.com/stories/CAAqNggKIjBDQklTSGpvSmMzUnZjbmt0TXpZd1NoRUtEd2kxNFBLTERoRi10Q2hHMlNpelhTZ0FQAQ?hl=en-US&gl=US&ceid=US%3Aen', 'https://news.google.com/api/attachments/CC8iK0NnNDRUVzQyV1ZkWFdUSjFjVEF5VFJDZkF4ampCU2dLTWdZaHBvSUxRZ00=-w280-h168-p-df')"
"(9, 'https://news.google.com/stories/CAAqNggKIjBDQklTSGpvSmMzUnZjbmt0TXpZd1NoRUtEd2pXX015ZURoSFZraHhBalZIRW1DZ0FQAQ?hl=en-US&gl=US&ceid=US%3Aen', 'https://news.google.com/api/attachments/CC8iJ0NnNUhWamxMZGxGelptbzFibGRhVFJDUUF4allCQ2dLTWdQSjBSSQ=-w280-h168-p-df')","(19, 'https://news.google.com/stories/CAAqNggKIjBDQklTSGpvSmMzUnZjbmt0TXpZd1NoRUtEd2p2cDlPV0RoSGdQZjhlbFNpRElTZ0FQAQ?hl=en-US&gl=US&ceid=US%3Aen', 'https://news.google.com/api/attachments/CC8iI0NnNTRaRUZWVURCME9WaGFla2RFVFJDM0FSaVRBaWdCTWdB=-w280-h168-p-df')","(29, 'https://news.google.com/stories/CAAqNggKIjBDQklTSGpvSmMzUnZjbmt0TXpZd1NoRUtEd2lUbmZtV0RoRnNlSXR3aThENFp5Z0FQAQ?hl=en-US&gl=US&ceid=US%3Aen', 'https://news.google.com/api/attachments/CC8iK0NnNWpWVGN0TjI0NVJIUmpiRVZMVFJERUF4aW5CU2dLTWdZVms1SnJOUWM=-w280-h168-p-df')","('0_empty', '0', '0')","(45, 'https://news.google.com/stories/CAAqNggKIjBDQklTSGpvSmMzUnZjbmt0TXpZd1NoRUtEd2lWNl9TY0RoR2FzTWhPTFNMVGd5Z0FQAQ?hl=en-US&gl=US&ceid=US%3Aen', 'https://news.google.com/api/attachments/CC8iK0NnNDBhblp4T1Rnd2NURlRVVkozVFJDSEF4aVBCaWdLTWdZcFZaRE5LUWM=-w280-h168-p-df')","(55, 'https://news.google.com/stories/CAAqNggKIjBDQklTSGpvSmMzUnZjbmt0TXpZd1NoRUtEd2pkdjhPS0RoRVFJQ205bGRWcWd5Z0FQAQ?hl=en-US&gl=US&ceid=US%3Aen', 'https://news.google.com/api/attachments/CC8iK0NnNDVUVjgyWTBsbU9ETjVSbGhaVFJDZkF4ampCU2dLTWdZSkpZYXFuUWs=-w280-h168-p-df')","(65, 'https://news.google.com/stories/CAAqNggKIjBDQklTSGpvSmMzUnZjbmt0TXpZd1NoRUtEd2k2MXVpZkRoRUNnSER3R3hjakF5Z0FQAQ?hl=en-US&gl=US&ceid=US%3Aen', 'https://news.google.com/api/attachments/CC8iK0NnNURNRlZST1dsQ1UwZEtSV2xqVFJDVUFoanFBeWdLTWdZbE5wanNvUWc=-w280-h168-p-df')","(75, 'https://news.google.com/stories/CAAqNggKIjBDQklTSGpvSmMzUnZjbmt0TXpZd1NoRUtEd2p4N191ZERoSDBmVnBOX2tfOHNDZ0FQAQ?hl=en-US&gl=US&ceid=US%3Aen', 'https://news.google.com/api/attachments/CC8iNkNnNVhNRVowY2xGM1lqZGFibGRpVFJERUF4aW1CU2dLTWc0QkFJemxCR1l1QnlwMndLSklGUQ=-w280-h168-p-df')"
