Topic,Image,Title,Summary,Question 1,Question 2,Question 3
U.S.,https://news.google.com/api/attachments/CC8iK0NnNVhNM2s1WVZaU1RYbHdaRFY2VFJDZkF4ampCU2dLTWdZQndJNUtQUVU=-w280-h168-p-df,**Title: Legal Battle Over the Future of the Department of Education**,"President Trump's administration has requested the Supreme Court's intervention to allow it to proceed with plans to dismantle the Department of Education and terminate over 1,300 employees, despite ongoing legal challenges regarding the department's future. This request follows a recent decision by a federal appeals court, which upheld a lower court's ruling that blocked Trump's executive order aimed at shutting down the department. The Ninth Circuit Court of Appeals stated that the executive order exceeds the President's constitutional supervisory powers.",What are the potential implications of dismantling the Department of Education for students and educators across the country?,"How do you think the Supreme Court will respond to the Trump administration's request, and what factors might influence their decision?",In what ways could this legal battle impact the broader conversation about the role of federal government in education?
U.S.,https://news.google.com/api/attachments/CC8iI0NnNVVZMk00TWxSamMyOTNhbXRQVFJDZkF4amlCU2dLTWdB=-w280-h168-p-df,### Title: Bannon's Call for Action Against Musk and SpaceX,"In a recent episode of his ""War Room"" podcast on Real America’s Voice, Steve Bannon urged former President Trump to sign an executive order to halt operations at SpaceX, the aerospace company founded by Elon Musk. Bannon labeled Musk an ""illegal alien"" and suggested he should face deportation, citing unspecified ""facts."" He warned that Trump needed to act decisively against Musk to prevent the billionaire from collaborating with Democrats to undermine Trump's political future, including potential impeachment and interference in the 2028 election. In response to Bannon's comments, Trump threatened to withdraw federal contracts from Musk's companies, while Musk indicated he might decommission SpaceX's Dragon spacecraft.",What do you think motivates Bannon's strong stance against Musk and SpaceX?,How do you perceive the relationship between technology companies and political figures in the current landscape?,What implications could Bannon's call for action have on the future of space exploration and private aerospace companies?
U.S.,https://news.google.com/api/attachments/CC8iL0NnNUtSVEIxVUd0alNFeG1RbWhvVFJDZkF4ampCU2dLTWdrUkFJem5EV3dHVHdF=-w280-h168-p-df,### Title: Trump's Visa Restrictions and Harvard University,"The Trump administration implemented restrictions on visa applicants intending to study at Harvard University, arguing that the university's actions made it an unsuitable environment for foreign students and researchers. This decision was met with strong opposition from Harvard, which described the proclamation as an illegal retaliatory measure that infringes on its First Amendment rights. Harvard emphasized its commitment to protecting its international student body, which comprises nearly 7,000 students, or 27% of its total enrollment for the 2024-2025 academic year. The administration's actions are part of a broader conflict, including the freezing of over $2.2 billion in research funding, threats to revoke the university's tax-exempt status, and federal investigations aimed at enforcing changes at Harvard. Despite these challenges, the university is pursuing legal avenues to counter the administration's measures, which could potentially undermine its status as a leading institution in the United States.",What are the potential implications of the Trump administration's visa restrictions on Harvard's international student population and its reputation?,How might Harvard's legal challenges against the administration's actions affect the future of international education in the U.S.?,In what ways do you think the conflict between the Trump administration and Harvard reflects broader issues regarding immigration and education policy in the United States?
U.S.,https://news.google.com/api/attachments/CC8iK0NnNTZPUzFhZEVaRGEzZENXRWd5VFJERUF4aW1CU2dLTWdhbGhZek9zUVk=-w280-h168-p-df,### Title: The Impact of Immigration Detention on Activism and Family Life,"Mahmoud Khalil, a Columbia graduate and legal U.S. resident, was detained by federal immigration agents on March 8 due to his pro-Palestinian activism, marking the first arrest under the Trump administration's crackdown on students protesting against Israel's actions in Gaza. In court filings, Khalil detailed the profound ""irreparable harm"" caused by his detention, particularly the emotional distress of missing the birth of his first child. He recounted the heart-wrenching experience of hearing his son’s first cries while confined in a detention center, emphasizing the personal and professional repercussions of his situation, including the loss of a job offer from Oxfam International and complications regarding his mother's visa. His wife, Dr. Noor Abdalla, expressed the difficulties of navigating parenthood without her husband. Khalil's case has raised concerns among students and faculty at Columbia about the chilling effects of his arrest on campus activism. A federal judge has indicated that the government's rationale for Khalil's deportation may violate constitutional rights, questioning the legitimacy of using political beliefs as grounds for removal. In response, the Department of Homeland Security suggested Khalil self-deport, offering financial incentives for those in the country illegally.",How do you think Khalil's case reflects broader issues of free speech and activism in the United States?,What are the potential implications of using political beliefs as a basis for immigration enforcement?,In what ways can communities support individuals facing similar challenges as Khalil?
U.S.,https://news.google.com/api/attachments/CC8iK0NnNWhVR0ZZY0VoQlRGWndZbGw2VFJDUEF4alhCQ2dLTWdhcFE1Q3VuUWs=-w280-h168-p-df,### Title: The Impact of the Transgender Military Ban on Service Members,"The recent reinstatement of a ban on transgender individuals serving in the U.S. military has led to significant turmoil among service members. As the deadline for voluntary separation approaches, many transgender troops are grappling with the difficult decision to leave a career they cherish. The Air Force Academy confirmed that three transgender cadets graduated but were not commissioned, highlighting the personal and professional betrayals felt by those affected. While some service members are opting to take financial bonuses and depart, others are determined to stay and fight against the policy, which they view as discriminatory. The situation is further complicated by the fear of involuntary separations, which could negatively impact their future job prospects and security clearances. The military's approach to enforcing the ban varies, with some units potentially allowing flexibility while others may strictly adhere to the new guidelines. As the deadline looms, uncertainty prevails, leaving many to question their future in the military and the implications of the administration's policies on diversity and inclusion.",How do you think the reinstatement of the transgender military ban affects the overall morale and cohesion within military units?,What are the potential long-term consequences for the military if a significant number of qualified transgender service members choose to leave?,In what ways do you believe the current political climate influences policies related to diversity and inclusion in the military?
U.S.,https://news.google.com/api/attachments/CC8iL0NnNVplRXN0VVZBemVFSkVjMnh0VFJDUUF4allCQ2dLTWdtaEFvcjBsQ3FMNVFJ=-w280-h168-p-df,**Title: Resumption of US-China Trade Talks**,"US President Donald Trump recently engaged in a long-awaited phone call with Chinese leader Xi Jinping, resulting in an agreement to restart trade negotiations that had previously stalled due to mutual accusations of broken promises. Under a deal established on May 12, the U.S. committed to lowering tariffs on Chinese goods from 145% to approximately 30%, while China agreed to reduce its tariffs on American imports to 10%. Following this call, key U.S. officials, including Secretary of the Treasury Scott Bessent and Secretary of Commerce Howard Lutnick, are set to meet with high-ranking Chinese officials in London to discuss the trade deal further. Trump expressed his admiration for Xi, acknowledging the challenges in reaching an agreement, particularly regarding the complexities surrounding Rare Earth products.",What do you think are the main challenges that the U.S. and China face in reaching a successful trade agreement?,How do you believe the reduction of tariffs will impact the economies of both countries?,In what ways do you think the relationship between Trump and Xi influences the trade negotiations?
U.S.,https://news.google.com/api/attachments/CC8iI0NnNUlPV1I1Y1hCVGFsVXhObkpuVFJDUUF4allCQ2dLTWdB=-w280-h168-p-df,### The Battle of Normandy: A Commemoration of Sacrifice,"The Battle of Normandy, which commenced with D-Day, resulted in significant casualties, with 73,000 Allied forces killed and 153,000 wounded. Additionally, Allied bombings during this period claimed the lives of approximately 20,000 French civilians from June to August 1944. In remembrance of this pivotal event, tens of thousands gathered along the coastline and near the D-Day landing beaches to participate in commemorative activities, including parachute jumps, flyovers, remembrance ceremonies, parades, and historical reenactments. Overall, Operation Overlord, aimed at liberating western France from Nazi occupation, involved more than 2 million personnel, including soldiers, sailors, pilots, and medics from various countries.",How do you think the sacrifices made during the Battle of Normandy have shaped modern perceptions of military conflict?,In what ways do you believe the commemoration of events like D-Day impacts the collective memory of a nation?,What are your thoughts on the balance between honoring military achievements and acknowledging civilian casualties in wartime commemorations?
U.S.,https://news.google.com/api/attachments/CC8iK0NnNUdWa3hSY1daa2VtWnRhRTQwVFJERUF4aW1CU2dLTWdZcGxZanR0UVk=-w280-h168-p-df,**Title: Supreme Court Ruling on Employment Discrimination Case**,"In a significant ruling, the Supreme Court addressed the case of Ames v. Ohio Department of Youth Services, where Marlean Ames alleged that her employer denied her a promotion due to her being a heterosexual woman. The Court unanimously overturned a federal appeals court decision that had dismissed her claims, which were based on a perceived higher standard for majority group members in employment discrimination cases. Justice Ketanji Brown Jackson emphasized that Title VII of the Civil Rights Act of 1964 does not differentiate between majority and minority groups regarding workplace discrimination. The ruling reinforces that both groups are entitled to equal protection under federal civil rights law, affirming Ames' right to pursue her claims without facing an elevated burden of proof.",What implications do you think this ruling has for future employment discrimination cases involving majority group members?,How do you feel about the distinction (or lack thereof) between majority and minority groups in the context of civil rights law?,In what ways do you think this decision might influence workplace policies regarding discrimination and promotions?
U.S.,https://news.google.com/api/attachments/CC8iK0NnNVpMWFJ5TTNCNmQxTTRjbVZFVFJDZkF4amlCU2dLTWdZVktKYUlHZ28=-w280-h168-p-df,**Title: Disruptions at Reagan National Airport Due to Upcoming Military Parade**,"Reagan National Airport has issued a warning regarding potential disruptions to commercial travel plans due to a military parade scheduled for June 14 in Washington, D.C. The Federal Aviation Administration is anticipated to suspend airline operations at the airport to facilitate military aircraft flying over the parade route and to accommodate a fireworks display. This parade, hosted by Trump, commemorates the U.S. Army’s 250th anniversary, Flag Day, and his 79th birthday, featuring a historic display of tanks on the streets. The event will take place along Constitution Avenue and is expected to conclude by 7:30 p.m. Passengers with flight reservations for that evening are advised to check their flight status directly with their airlines.","How do you think the military parade will impact local businesses and tourism in Washington, D.C.?",What are your thoughts on the use of public funds for such large-scale military displays?,How do you feel about the balance between national celebrations and the potential inconveniences they cause to everyday citizens?
U.S.,https://news.google.com/api/attachments/CC8iI0NnNVZUR0U1VTAxR05FOVlTVlU1VFJDZkF4ampCU2dLTWdB=-w280-h168-p-df,### Ongoing Search for Missing Teen Manny Collins,"The search for 16-year-old Manny Collins, who has been missing for nearly a month, continues as his family and law enforcement seek answers. In a recent press conference, the Anoka County Sheriff's Office reaffirmed their commitment to finding Collins, who was last seen on May 8 in Columbia Heights, Minnesota. Described as 5-foot-8 and 140 pounds with black hair and brown eyes, Collins was last known to be wearing a ribbed tank top and red/black plaid pants. Authorities believe he may have gone missing against his will and have identified a person of interest, although no arrests have been made. Investigators have conducted searches in the area and collected forensic evidence, while also interviewing several individuals, including Collins' father. Despite the ongoing investigation, law enforcement has stated that they do not believe there is a threat to the community at large.",What do you think are the most effective ways for communities to support families of missing persons during such difficult times?,"How do you feel about the role of law enforcement in missing person cases, especially regarding transparency with the public?",What impact do you think the media coverage has on the search for missing individuals and the families involved?
World,https://news.google.com/api/attachments/CC8iK0NnNDRNRU5aVDFsdE4wRkRabW8xVFJERUF4aW1CU2dLTWdZcGtvcXVzUVk=-w280-h168-p-df,### Title: Escalating Conflict: Russia's Retaliatory Strikes on Ukraine,"In a significant escalation of hostilities, Russia launched a devastating missile and drone attack on Kyiv, resulting in the deaths of four individuals, including three emergency workers. This assault, which involved over 400 drones and 40 missiles, was described by Ukrainian President Volodymyr Zelenskyy as targeting nearly all of Ukraine. The attack followed Russian President Vladimir Putin's vow to retaliate against Ukraine's recent long-range strike on Russian air bases, referred to as Operation Spiderweb. Additionally, a separate attack on the western city of Ternopil left ten people injured, including five emergency responders. Russia's defense ministry characterized the strikes as a response to what they termed ""terrorist acts by the Kyiv regime,"" asserting that military sites were the primary targets.",What do you think are the long-term implications of Russia's recent attacks on Ukraine for regional stability?,How might international responses to these escalations influence the course of the conflict?,In what ways do you believe the actions of both Russia and Ukraine could affect civilian populations in the affected areas?
World,https://news.google.com/api/attachments/CC8iK0NnNXhNbWhyVUZRd1gxTkZZVGRNVFJDMkFoalJBeWdLTWdhSlFaUnRKUWM=-w280-h168-p-df,**Title: Travel Bans and National Security: A Controversial Policy Debate**,"In response to concerns about national security, former President Donald Trump implemented a comprehensive travel ban affecting nationals from 12 countries, with additional restrictions on seven others. He cited the dangers posed by inadequately vetted foreign nationals, particularly in light of incidents like the Boulder, Colorado terror attack. Trump highlighted the high visa overstay rates from countries such as Chad, where the B‑1/B-2 visa overstay rate reached 49.54 percent. He claimed that his travel restrictions were instrumental in preventing significant foreign terror attacks during his presidency. In contrast, President Joe Biden, who took office after Trump, rescinded the travel ban in 2021, labeling it a ""stain on our national conscience"" and acknowledging that some nationals still present risks of overstaying their visas.",What are your thoughts on the effectiveness of travel bans in enhancing national security?,How do you think the balance between national security and humanitarian concerns should be approached in immigration policy?,"In your opinion, what role should visa overstay rates play in shaping immigration policies?"
World,https://news.google.com/api/attachments/CC8iL0NnNVNXSG80WkRoT2FEZHhaVlo2VFJDUUF4allCQ2dLTWdrQmtJS0NPR093bWdB=-w280-h168-p-df,**Title: Controversial Strategies in the Israel-Gaza Conflict**,"In a recent statement, an Arab ambassador criticized Israeli Prime Minister Benjamin Netanyahu for his decision to arm the Abu Shabab clan, a notorious gang in Gaza, as a strategy against Hamas. The ambassador argued that this move reflects Netanyahu's failure to learn from the events of October 7, suggesting that his past actions, which aimed to weaken the Palestinian Authority by supporting Hamas, are now being repeated with the backing of a criminal group. The Abu Shabab clan, which refers to itself as the ""Anti-Terror Service,"" is known for its involvement in looting humanitarian aid and is believed to have received Kalashnikov rifles from Israel, including weapons previously seized from Hamas. The ambassador expressed concern that such support only serves to benefit Hamas in the long run.",What are the potential consequences of arming groups like the Abu Shabab clan in the context of the ongoing conflict in Gaza?,How might Netanyahu's strategy of supporting criminal factions impact the broader political landscape in the region?,"In what ways could this situation affect the humanitarian efforts in Gaza, given the involvement of groups known for looting aid?"
World,https://news.google.com/api/attachments/CC8iL0NnNURRa2RCYjFsUU1GOHdlakZEVFJERUF4aW1CU2dLTWdrQklKd2psMm9leFFJ=-w280-h168-p-df,"### Title: Diplomatic Dynamics: Trump, Merz, and the Russia-Ukraine Conflict","In a recent meeting in the Oval Office, German Chancellor Friedrich Merz presented former President Donald Trump with a facsimile of his grandfather's birth certificate, symbolizing a connection to Germany. During their discussion, Trump compared the Russia-Ukraine war to a conflict between children, suggesting that sometimes it is better to let adversaries fight before intervening. Merz, who has been in office since May, has sought to foster a more constructive relationship with the U.S. compared to his predecessor, Angela Merkel. He has actively engaged in diplomacy regarding Ukraine, visiting Kyiv and hosting Ukrainian President Zelenskyy in Berlin. Merz's government is also continuing efforts to strengthen Germany's military in response to the Russian invasion. Trump, who previously criticized Germany for not meeting NATO defense spending targets, is now advocating for even higher contributions from allies. Merz emphasized Germany's significant investments in the U.S. and expressed a commitment to supporting Ukraine in its struggle against Russia.",How do you think the relationship between the U.S. and Germany will evolve under Chancellor Merz compared to previous administrations?,What are the potential implications of Trump's analogy about the Russia-Ukraine war for international diplomacy?,In what ways do you think increased military spending by Germany will impact NATO's collective defense strategy?
World,https://news.google.com/api/attachments/CC8iK0NnNXBXVWM0VXpWTU5GaEpNeloyVFJEZ0F4aUFCU2dLTWdhSmFaYkZLZ2c=-w280-h168-p-df,**Title: U.S. Sanctions on ICC Judges in Response to War Crimes Investigations**,"The Trump administration imposed sanctions on four judges at the International Criminal Court (ICC) following the court's issuance of an arrest warrant for Israeli Prime Minister Benjamin Netanyahu and its decision to investigate alleged war crimes by U.S. troops in Afghanistan. U.S. Secretary of State Marco Rubio stated that these actions were necessary to protect U.S. sovereignty and that of its allies, including Israel, from what he termed illegitimate actions by the ICC. The sanctions specifically targeted ICC prosecutor Karim Khan, who sought the arrest warrants, and were criticized for undermining accountability and the rule of law. Slovenia called on the European Union to utilize its blocking statute to prevent compliance with what it views as unlawful U.S. sanctions. The situation raises concerns about the implications of attacking judicial figures for their roles in upholding international law.",What are your thoughts on the effectiveness of sanctions as a tool for influencing international judicial actions?,"How do you think the U.S. stance on the ICC affects its relationships with other countries, particularly those that are party to the Rome Statute?",In what ways do you believe the actions taken against ICC judges could impact the pursuit of justice for war crimes globally?
World,https://news.google.com/api/attachments/CC8iNkNnNHpkVE5PYnpnd1ZqY3dWWGRJVFJDUEF4alhCQ2dLTWc0QkFJQWczYUZhWWZ1RUQ0SmJFdw=-w280-h168-p-df,### Title: North Korea's Destroyer Incident and Recovery Efforts,"North Korea has successfully righted a partially capsized destroyer that had run aground during its launch nearly two weeks prior. The incident, described by leader Kim Jong Un as a ""criminal act caused by absolute carelessness,"" led to the arrest of four officials. This destroyer is the second warship introduced by North Korea in a short span, following the launch of the 5,000-ton Choe Hyon destroyer. Efforts to upright the vessel involved manual labor, including the use of tethers and possibly barrage balloons. Satellite imagery revealed damage to the bow section, and the ship remains partially docked at Chongjin port, where the infrastructure for major repairs is lacking. A senior official from the ruling Workers' Party assured that the destroyer would be fully restored before a significant party congress in late June. Reports indicated that while the hull sustained scratches and some seawater entered the stern, there were no holes in the bottom of the ship.",What implications do you think this incident has for North Korea's naval modernization efforts?,How might the arrests of the officials involved affect the leadership dynamics within North Korea?,What are the potential risks and challenges North Korea faces in restoring the destroyer before the upcoming party congress?
World,https://news.google.com/api/attachments/CC8iL0NnNTNVRkZUYW1scFZWaGhObTFSVFJDcUJCaXFCQ2dLTWdrQllJYmt2T1NnOXdB=-w280-h168-p-df,### Title: Humanitarian Crisis in Gaza Amid Ongoing Conflict,"Israeli soldiers opened fire on Palestinian civilians approaching humanitarian aid distribution centers in southern Gaza, resulting in at least 27 fatalities, as reported by the Red Cross. The organization has urged the Israel Defense Forces (IDF) to implement measures to better manage foot traffic and enhance safety protocols to prevent further escalation and confusion near military perimeters. Meanwhile, the U.S. and the Israel-backed Gaza Humanitarian Foundation (GHF) have initiated a new system to deliver aid directly to Palestinian civilians, aiming to prevent Hamas from gaining control or recognition for the assistance. The United Nations has raised alarms about the looming famine threatening the majority of Gaza's 2.3 million residents. Additionally, several aid distribution sites were temporarily closed due to overcrowding, highlighting the challenges faced in delivering humanitarian assistance.",What measures do you think could be implemented to ensure the safe delivery of humanitarian aid in conflict zones like Gaza?,"How do you feel about the role of international organizations, such as the Red Cross and the UN, in addressing humanitarian crises?","In your opinion, what are the long-term solutions needed to address the underlying issues contributing to the humanitarian situation in Gaza?"
World,https://news.google.com/api/attachments/CC8iK0NnNTZWVzluWTBReWNWZG1VMGxhVFJDUUF4allCQ2dLTWdZcFJJQU1uZ2c=-w280-h168-p-df,**Title: Modi Inaugurates Strategic Railway Project in Kashmir**,"Indian Prime Minister Narendra Modi recently visited the disputed region of Kashmir to inaugurate a significant railway project that connects the Kashmir Valley to the Indian mainland for the first time. This initiative includes the launch of new ""Vande Bharat"" trains, which will significantly reduce travel time between Srinagar and Katra from six to seven hours by road to approximately three hours by train. The centerpiece of this project is the Chenab Rail Bridge, a remarkable 1,178-foot-tall steel structure that surpasses the height of the Eiffel Tower. This railway line, considered one of the most challenging in the world, spans 272 kilometers (169 miles) and begins in Udhampur, passing through Srinagar, thereby enhancing connectivity in the region.",What impact do you think the new railway project will have on the local economy in Kashmir?,How might this railway project affect the political dynamics between India and Pakistan in the region?,In what ways do you think improved transportation infrastructure can influence the lives of residents in conflict-affected areas like Kashmir?
World,https://news.google.com/api/attachments/CC8iK0NnNVlRbVphUlU5TVNqaG1jVmhPVFJEY0FSajNBaWdLTWdZQmdwYkpOUWc=-w280-h168-p-df,**Title: Changes to EU Flight Delay Compensation Rules**,"Under new regulations, travelers experiencing flight delays of four hours will be entitled to compensation of 300 euros (approximately £252) for distances up to 3,500 km, while those facing delays of six hours or more can receive 500 euros (around £421). Airlines have expressed concerns that these rules could lead to significant financial burdens, prompting them to cancel flights rather than risk long delays that disrupt schedules. Despite overcoming opposition from Germany, the majority of EU states reached an agreement on these changes after extensive negotiations. However, the European Consumer Organisation BEUC criticized the new eligibility thresholds, arguing that they would exclude many passengers from compensation, as most delays fall between two and four hours. While the airlines' group Airlines for Europe (A4E) found the changes to complicate matters further, some industry representatives viewed the adjustments as a positive step for consumer rights. The new rules also introduce over 30 additional rights for passengers, including the right to be rerouted promptly and automatic compensation for cancellations within 14 days of departure. French transport minister Philippe Tabarot acknowledged the compromise as a significant advancement in enhancing air passenger service quality.",How do you think the new compensation rules will impact the behavior of airlines regarding flight cancellations and delays?,"Do you believe that the changes adequately protect the rights of passengers, or do you think more should be done?",What are your thoughts on the balance between consumer rights and the operational challenges faced by airlines in implementing these new rules?
Business,https://news.google.com/api/attachments/CC8iK0NnNTJVbVJRYjBOS1FXZEpXbEpqVFJDUEF4alhCQ2dLTWdhTmVJNkhLZ2c=-w280-h168-p-df,### Title: Tensions Between Elon Musk and the Trump Administration,"Elon Musk has recently sparked controversy by urging lawmakers to reject former President Donald Trump's budget bill, claiming it would significantly increase the deficit. Despite having been a substantial supporter of Trump, donating nearly $300 million to his campaign and serving as an adviser in the Trump administration, Musk has expressed concerns over provisions in the budget that would limit tax credits for electric vehicles (EVs) and residential solar, which are beneficial to Tesla. In a series of posts on social media, Musk asserted his influence in Trump's election victory and criticized the administration's stance on government subsidies. In response, Trump has publicly distanced himself from Musk, suggesting that the billionaire has ""lost his mind"" and indicating that he is considering selling the Tesla Model S he once showcased as a sign of support for Musk. The relationship between Musk and Trump appears to be deteriorating, with both parties exchanging pointed remarks.",What do you think are the implications of Musk's call to reject Trump's budget bill for the future of electric vehicle incentives in the U.S.?,How do you perceive the evolving relationship between influential figures like Musk and political leaders such as Trump?,"In what ways do you think social media has changed the dynamics of political influence and public discourse, as seen in Musk's actions?"
Business,https://news.google.com/api/attachments/CC8iK0NnNTJRVTFMWm1ReE9WTnJRV2RSVFJDMkFoalJBeWdLTWdhUkFaN1JIQW8=-w280-h168-p-df,**Title: U.S. Job Market Trends in May**,"In May, the United States experienced a net addition of 139,000 jobs, surpassing expectations but indicating a continued slowdown in the labor market. The unemployment rate remained stable at 4.2 percent. The healthcare sector led job growth with an increase of 62,000 positions, while the leisure and hospitality industry contributed 48,000 jobs, including 30,000 in food services. Conversely, the federal government saw a reduction of 22,000 jobs, reflecting significant cuts by the Trump administration, which have totaled nearly 60,000 since January. Additionally, the manufacturing sector faced a decline, losing 8,000 jobs, and revisions to job gains in March and April revealed a downward adjustment of 95,000 jobs.",What do you think are the implications of the job losses in the federal government for the overall economy?,How do you feel about the job growth in the healthcare and leisure sectors compared to the losses in manufacturing?,What factors do you believe are contributing to the slowdown in the labor market despite the job gains reported?
Business,https://news.google.com/api/attachments/CC8iK0NnNDBNbHBKVlZaRFMyOVpVbUpQVFJDZkF4ampCU2dLTWdhaFJZN3NvUWc=-w280-h168-p-df,**Market Update: Treasury Yields and Stock Performance**,"The yield on the 10-year Treasury increased to 4.51%, up from 4.39% late Thursday, while the unemployment rate held steady at 4.2%. In the stock market, the S&P 500 rose by 1.03%, closing at 6,000.36, and the Nasdaq Composite saw a gain of 1.2%, finishing at 19,529.95. The Dow Jones Industrial Average also experienced a significant increase, climbing 443.13 points, or 1.05%, to close at 42,762.87.",What do you think is driving the increase in Treasury yields despite the stable unemployment rate?,How do you interpret the recent gains in the stock market indices in relation to economic indicators like unemployment?,What potential impacts do you foresee on the economy if Treasury yields continue to rise?
Business,https://news.google.com/api/attachments/CC8iK0NnNXZXRlZsWm5FelpGODVYM05EVFJERUF4aW1CU2dLTWdhQlFveU9uUWM=-w280-h168-p-df,**Title: UBS's Response to Proposed Capital Regulations**,"UBS is set to engage with stakeholders to assess and propose regulatory changes that balance costs and benefits effectively. This follows the Swiss government's recent proposal for stringent capital requirements, mandating UBS to increase its core capital by an additional $26 billion after its acquisition of Credit Suisse in 2023. The new regulations will also necessitate that UBS fully capitalizes its foreign subsidiaries and may limit its ability to conduct share buybacks.",What do you think are the potential impacts of the new capital requirements on UBS's operations and growth strategy?,How might these regulations affect the overall stability of the Swiss banking sector?,"In your opinion, what are the advantages and disadvantages of requiring banks to hold higher capital reserves?"
Business,https://news.google.com/api/attachments/CC8iK0NnNXBkbEJpWTJsaFlqRTBWMmh1VFJERUF4aW5CU2dLTWdZQk1vWXlGUWs=-w280-h168-p-df,**Title: Tensions Between President Trump and Federal Reserve Chairman Powell Over Interest Rates**,"In a meeting at the White House, President Donald Trump urged Federal Reserve Chairman Jerome Powell to lower interest rates, arguing that doing so would significantly reduce borrowing costs and improve the economy. Trump expressed frustration with Powell, labeling the Fed's current stance as a ""disaster"" and suggesting that the Fed's reluctance to cut rates was putting the U.S. at an economic disadvantage compared to countries like China. In response, Powell maintained that he would not allow political pressures to influence monetary policy decisions, emphasizing that the Fed's actions would be based solely on economic data and aimed at achieving maximum employment and stable prices. The Fed had previously lowered rates by half a percentage point in September due to declining inflation and a slowdown in the labor market, but Powell reiterated that future policy would depend on incoming economic information.",How do you think political pressure from the president affects the independence of the Federal Reserve in setting monetary policy?,What are the potential risks and benefits of lowering interest rates in the current economic climate?,"In your opinion, how should the Federal Reserve balance its mandate for maximum employment and stable prices with external political pressures?"
Business,https://news.google.com/api/attachments/CC8iI0NnNWZOMVJKYnpKTlIydFJURVZGVFJDZkF4amlCU2dLTWdB=-w280-h168-p-df,**Lululemon's Q1 2025 Earnings Expectations**,"As Lululemon approached its Q1 2025 earnings report, analysts anticipated a profit of $2.59 per share alongside quarterly sales of $2.37 billion. The company had previously projected its full-year earnings per share to fall between $14.95 and $15.15. However, it is noteworthy that Lululemon's stock had declined approximately 14% since the beginning of the year, indicating potential concerns among investors regarding the company's performance.",What factors do you think contributed to Lululemon's stock decline earlier this year?,How do you feel about the company's earnings projections for Q1 2025 and the full year?,"In your opinion, what strategies could Lululemon implement to improve investor confidence moving forward?"
Business,https://news.google.com/api/attachments/CC8iL0NnNXVaMGhXYmxGVU5tMXdYMVV0VFJDZkF4amlCU2dLTWdrQkFJaUdGR2JSQ0FJ=-w280-h168-p-df,**Impact of Tariffs on the U.S. Auto Industry**,"In May, a 25% tariff on imported auto parts was implemented, affecting the U.S. auto industry significantly since every car produced in U.S. plants contains some imported components. Anticipating the tariffs, many consumers rushed to purchase vehicles in March, leading to a slight decrease in the average price paid for new cars in May, which fell by 0.2% to $48,334. This decline occurred despite a 0.2% increase in the average sticker price requested by automakers, which rose to $50,527. The majority of cars sold in May had arrived at dealerships before the tariffs took effect, providing some relief to buyers concerned about escalating prices. However, the situation also reflects a potential weakening in consumer demand, as high interest rates and low consumer confidence have led to fewer Americans considering new car purchases. Automakers, wary of upsetting customers and facing the political implications of price hikes, have been cautious in announcing increases despite rising costs, with General Motors projecting a $5 billion impact from the tariffs by year-end.",How do you think the tariffs on auto parts will affect the long-term pricing strategies of automakers in the U.S.?,"What impact do you believe consumer confidence and interest rates have on the auto industry, especially in light of recent tariff changes?","In your opinion, how should automakers balance the need to cover rising costs with the risk of alienating customers through price increases?"
Business,https://news.google.com/api/attachments/CC8iI0NnNUVRamN6T1VZdGFXVnplbVpvVFJEVkFSakFBaWdLTWdB=-w280-h168-p-df,**Michaels Acquires JOANN: A New Chapter for Craft Retail**,"Michaels has announced the acquisition of JOANN, allowing JOANN customers to continue enjoying their favorite brands while benefiting from an expanded selection of fabric, sewing, and yarn products. This strategic move is aimed at meeting the increasing demand from both new and existing customers. JOANN, which has been a staple for crafters since its inception in 1943, has faced operational difficulties in recent years, including sluggish consumer demand and inventory shortages. As part of the acquisition, Michaels will incorporate JOANN's ""Big Twist"" labels into its offerings, which will be available in stores and online later this year. The financial details of the acquisition remain undisclosed, but it marks a significant shift in the craft retail landscape.",How do you think Michaels' acquisition of JOANN will impact the craft community and its consumers?,"What challenges do you believe JOANN faced that led to its acquisition, and how might Michaels address these issues?",In what ways do you think the expansion of fabric and yarn offerings will influence the shopping experience for crafters at Michaels?
Business,https://news.google.com/api/attachments/CC8iK0NnNXVSak0yWkhaSWRUVmhRbnBhVFJEVEF4aVFCU2dLTWdhMUZJYVBFUXM=-w280-h168-p-df,**Title: Impact of RBI's Repo Rate Cut on Borrowing and Markets**,"The Reserve Bank of India's recent decision to cut the repo rate by 50 basis points to 5.5 percent has notable implications for both depositors and the broader economy. This reduction is expected to lower borrowing costs for companies and consumers, facilitating increased investment and spending. Following the announcement, the stock market responded positively, with the BSE Sensex rising by 746.95 points to reach 82,188.99, and the Nifty 50 gaining 252.15 points. As banks adjust their lending rates in response to the RBI's move, the potential for economic growth through enhanced borrowing becomes more pronounced.",How do you think the RBI's repo rate cut will affect consumer spending in the coming months?,What are the potential risks associated with lower borrowing costs for companies?,"In your opinion, how should depositors adjust their financial strategies in light of the RBI's decision?"
Business,https://news.google.com/api/attachments/CC8iL0NnNVZOV3RsYm1SS01FTjBlVlZ5VFJDSEF4aVBCaWdLTWdrQkFJeXVzZVhJQVFN=-w280-h168-p-df,**Title: Circle's Ambitious Stablecoin Network**,"Circle is developing a comprehensive stablecoin network aimed at becoming the largest and most widely utilized in the world. Through its regulated affiliates, the company issues two primary stablecoins: USDC, which is pegged to the US dollar, and EURC, pegged to the euro. This initiative positions Circle at the forefront of the stablecoin market, emphasizing its commitment to regulatory compliance and financial stability.",What do you think are the potential benefits of having a widely used stablecoin network like Circle's for the global economy?,"How do you feel about the regulatory aspects of stablecoins, and do you think they are necessary for consumer protection?","In your opinion, what challenges might Circle face as it seeks to establish its stablecoin network as the largest in the world?"
Technology,https://news.google.com/api/attachments/CC8iK0NnNXlOVTFDUXpWaE5sWjBlSFpmVFJEZ0F4aUFCU2dLTWdZQkE1U011UVk=-w280-h168-p-df,**Title: The Popularity of the Nintendo Switch 2 and Its Accessories**,"The Nintendo Switch 2 console has quickly sold out at GameStop Canada, indicating a strong demand among consumers. Among the accessories, the Nintendo Switch 2 Pro Controller is expected to be particularly sought after, featuring significant enhancements over the previous model. Notable upgrades include the addition of a headphone jack, a new ""C"" button, and customizable back buttons, making it an appealing choice for gamers looking to enhance their experience.",What features of the Nintendo Switch 2 Pro Controller do you think will have the biggest impact on gameplay?,How do you feel about the trend of gaming consoles selling out quickly upon release?,"In your opinion, what factors contribute to the high demand for gaming accessories like the Switch 2 Pro Controller?"
Technology,https://news.google.com/api/attachments/CC8iK0NnNU9SR3hPZVZOVVRVWkNPVWxKVFJERUF4aW1CU2dLTWdZcFpZck9MUVk=-w280-h168-p-df,### Anticipating iOS 26 at WWDC 2025,"At WWDC 2025, it is highly anticipated that Apple will unveil the 19th version of its mobile operating system, iOS 26. Francisco Jeronimo, VP of devices at IDC, expressed excitement about the potential new features and advancements related to Apple Intelligence that may be introduced. This follows the previous year's announcement of iOS 18 and the initial introduction of Apple Intelligence, along with updates to Siri that have yet to be implemented.",What specific features do you hope to see in iOS 26 that would enhance user experience?,How do you think Apple Intelligence will change the way we interact with our devices?,What are your thoughts on the updates to Siri that were announced last year but have not yet been released?
Technology,https://news.google.com/api/attachments/CC8iK0NnNVdRbEZLUm5keWNuWmpTSEpMVFJERUF4aW1CU2dLTWdhaFZJNk9KUWc=-w280-h168-p-df,**Title: Challenges in Lunar Landing: The Case of Ispace's Resilience**,"Ispace's lunar lander, Resilience, attempted a moon landing around 3:17 p.m., but preliminary data indicated that its laser rangefinder faced delays in accurately measuring the distance to the lunar surface. This malfunction hindered the lander's ability to decelerate for a safe touchdown. In contrast, another private lunar lander, Blue Ghost, developed by Texas-based Firefly Aerospace, successfully landed on the moon on March 2. Ispace is part of a growing sector of companies aiming to provide commercial lunar transportation services for various payloads, including scientific instruments and technology demonstrations. Among its cargo was a unique Swedish-style red cottage, named the Moonhouse, created by Mikael Genberg, intended for placement on the lunar surface. Historically, only five countries—Russia, the U.S., China, India, and Japan—have achieved successful robotic lunar landings.",What do you think are the implications of private companies entering the lunar transportation market?,How do you feel about the challenges faced by Ispace's Resilience in its landing attempt?,What significance do you think the Moonhouse project holds for future lunar exploration and tourism?
Technology,https://news.google.com/api/attachments/CC8iK0NnNXJhV0pqYTNsbFYyUnpkMlUzVFJDZ0F4amlCU2dLTWdZaGM1Sk1zUVk=-w280-h168-p-df,**Title: Google Unveils Gemini 2.5 Pro with Enhanced Developer Features**,"Google has introduced a preview of Gemini 2.5 Pro, showcasing significant enhancements aimed at developers. The updated model has achieved notable performance gains, reflected in a 24-point increase in its Elo score on LMArena, placing it at a competitive 1470, and a 35-point rise on WebDevArena, where it now leads with a score of 1443. Additionally, Gemini 2.5 Pro maintains its dominance in coding benchmarks, such as Aider Polyglot, and excels in various assessments that evaluate math, science, knowledge, and reasoning abilities, including GPQA and Humanity’s Last Exam.",What do you think are the implications of Gemini 2.5 Pro's performance improvements for developers in the tech industry?,How do you see the advancements in AI models like Gemini 2.5 Pro impacting the future of coding and software development?,In what ways do you think the enhanced capabilities of Gemini 2.5 Pro could influence the learning and assessment of technical skills?
Technology,https://news.google.com/api/attachments/CC8iK0NnNU5iVE4wVW1aTlFXaHlMWEpzVFJDZkF4ampCU2dLTWdZdGRJeVByUVU=-w280-h168-p-df,**The Samsung Galaxy Watch 7: A Top Choice for Smartwatch Buyers**,"The Samsung Galaxy Watch 7 stands out as an excellent option for those in the market for a new smartwatch. With its advanced features, sleek design, and user-friendly interface, it caters to a wide range of needs and preferences, making it a compelling choice for both tech enthusiasts and casual users alike.","What features of the Samsung Galaxy Watch 7 do you find most appealing, and why?",How do you think the Galaxy Watch 7 compares to other smartwatches on the market?,"In your opinion, what factors should someone consider when choosing a smartwatch?"
Technology,https://news.google.com/api/attachments/CC8iK0NnNUlabFIxVFRWdk5sTjZXV3A1VFJDSEF4aVBCaWdLTWdZbGRZN09NUVk=-w280-h168-p-df,**Title: Upcoming Features in watchOS 26**,"A recent report from 9to5Mac suggests that the forthcoming watchOS 26 may introduce a highly anticipated feature for Apple Watch users: third-party Control Center widgets. This enhancement is expected to incorporate AI capabilities driven by Apple Intelligence, although the smartwatch itself will not directly execute the AI models. This development could significantly expand the functionality and customization options available to users of the best Apple Watches.",How do you think third-party Control Center widgets will change the way we use Apple Watches?,What potential benefits do you see in integrating AI capabilities into watchOS 26?,Are there any specific third-party apps you hope will take advantage of this new feature?
Technology,https://news.google.com/api/attachments/CC8iK0NnNU9NbmhPVFhSUFprRjFMWEZNVFJDZkF4ampCU2dLTWdhSmNaUUtNUWM=-w280-h168-p-df,### The Unique Porsche 963 RSP: A One-Off Masterpiece,"Porsche has clarified that the 963 RSP is a unique, non-homologated model, designed as a special one-off rather than a standard addition to their lineup. This vehicle features a raised ride height and soft Multimatic DSSV dampers for a more comfortable driving experience. Visually, it stands out with a distinctive Martini Silver color reminiscent of the iconic 917, marking it as the only 963 to be painted rather than wrapped. Notably, Roger Penske, the esteemed owner of Team Penske, expressed his delight in driving the 963 RSP, describing it as more forgiving and comfortable compared to the standard 963. Following its recent race, the car will be displayed at the Porsche Museum in Stuttgart before heading to the Goodwood Festival of Speed, where it will be showcased alongside the legendary 917.",What do you think makes the Porsche 963 RSP a special one-off compared to other models in the Porsche lineup?,How do you feel about the significance of the color choice for the 963 RSP in relation to Porsche's racing heritage?,In what ways do you think the experience of driving a unique car like the 963 RSP differs from driving a standard production vehicle?
Technology,https://news.google.com/api/attachments/CC8iI0NnNUpWa040U2pkSllVVk1XWG95VFJDZkF4ampCU2dLTWdB=-w280-h168-p-df,### Upcoming Video Game Releases and Announcements,"In a recent State of Play presentation, several exciting video game announcements were made, highlighting upcoming titles for the PlayStation 5. Notably, Nioh 3 is set for release in early 2026, with a demo currently available for players. The Ivalice Chronicles will feature two versions of Final Fantasy Tactics, offering both a remastered edition and a classic version. IO Interactive introduced 007 First Light, a re-imagining of James Bond's origin story, also slated for 2026. Other highlights include a new gameplay trailer for Metal Gear Solid Delta: Snake Eater, the announcement of Lumines Arise for Fall 2025, and a VR adaptation of the Thief series titled Legacy of Shadow. Additionally, Grasshopper Manufacture revealed Romeo Is A Dead Man, a new ultra-violent action game, while Digital Eclipse and Warner Bros. Games announced Mortal Kombat: Legacy Kollection. Sony Interactive Entertainment introduced Project Defiant, a wireless fight stick for PS5 and PC, and Ninja Gaiden Ragebound is set to launch on July 21. Other upcoming titles include Bloodstained: The Scarlet Engagement, Sea of Remnants, and the RPG Digimon Story: Time Stranger, with Silent Hill f scheduled for release on September 25, 2025. Sucker Punch also teased a special episode for Ghost of Yōtei coming in July 2025.",Which upcoming game are you most excited about and why?,How do you feel about the trend of remastering classic games versus creating new titles?,What features do you think are essential for a successful gaming experience in the new PS5 titles?
Entertainment,https://news.google.com/api/attachments/CC8iI0NnNXZkR3g2TVRnM1gwNTRUWEEwVFJDZkF4ampCU2dLTWdB=-w280-h168-p-df,**Title: Testimony in Sean Combs' Trial Reveals Disturbing Allegations**,"Jane's testimony in Sean ""Diddy"" Combs' ongoing trial has been emotionally charged and revealing, expected to continue into the following week. During her statements, she recounted distressing experiences from alleged ""hotel nights"" with Combs, which she described as lasting from 12 hours to over three days, and detailed the health issues she suffered afterward, including chronic back pain and recurrent infections. Jane also testified about being asked by Combs to transport drugs from California to Miami, expressing her anxiety over smuggling pills on commercial flights. The trial, which began on May 12, includes serious charges against Combs, such as racketeering conspiracy and sex trafficking, with potential life imprisonment if he is convicted. Other witnesses, including a former personal assistant who used the pseudonym ""Mia,"" have also come forward with allegations of sexual assault against Combs, further complicating the case. **Questions:**",What impact do you think the testimonies of survivors like Jane and Mia will have on public perception of the trial and the allegations against Combs?,"How do you feel about the legal system's handling of sexual assault cases, particularly in high-profile situations like this one?",What steps do you think should be taken to support survivors of sexual assault in the wake of such trials?
Entertainment,https://news.google.com/api/attachments/CC8iK0NnNWFOSGRGZUdjME5YSlpWRUk1VFJERUF4aW1CU2dLTWdZMWdwUVVNUWM=-w280-h168-p-df,**Title: Billy Joel's Struggles and Revelations**,"On May 23, music legend Billy Joel canceled his upcoming concerts following a diagnosis of normal pressure hydrocephalus, a brain disorder that has affected his hearing, vision, and balance. Shortly after, on June 4, the first half of his documentary ""Billy Joel: And So It Goes"" premiered at the Tribeca Film Festival, where Joel candidly discussed his past, including two suicide attempts linked to an affair with a bandmate's wife. He reflected on the emotional turmoil he experienced during his early 20s, including feelings of guilt and depression that led him to contemplate ending his life. Despite the pain and chaos of his past, Joel acknowledged the importance of friendship, crediting his former bandmate Jon Small with saving his life during a particularly dark time. In a poignant message, he expressed that while aging can be difficult, it is preferable to the alternative. The documentary sheds light on Joel's struggles and the complexities of love, loss, and redemption. **Questions:**",How do you think Billy Joel's experiences with mental health and relationships have shaped his music and public persona?,"What role do you believe friendship plays in overcoming personal struggles, as illustrated by Joel's relationship with Jon Small?","How can society better support individuals dealing with mental health issues and suicidal thoughts, based on the insights shared in Joel's story?"
Entertainment,https://news.google.com/api/attachments/CC8iK0NnNU1RbVZ6UmxwQk1DMUpOM0IxVFJDSEF4aVBCaWdLTWdhOU01aFNIUWs=-w280-h168-p-df,"**Title: Sabrina Carpenter's ""Manchild"": A Reflection on Young Adult Life**","Sabrina Carpenter's new single ""Manchild,"" released on June 5, captures the complexities of young adult relationships with a blend of humor and introspection. The song, which Carpenter describes as embodying a ""loving eye roll,"" reflects her experiences and observations about the challenges of navigating love and self-care in her twenties. Written during a memorable collaboration with friends, the track serves as a soundtrack to her youthful adventures and emotional growth. Accompanied by a music video set to premiere shortly after the song's release, ""Manchild"" invites listeners to embrace the carefree spirit of summer while also addressing the frustrations of dealing with immature partners. Despite her recent breakup with actor Keoghan, Carpenter remains focused on her music and personal journey, hinting at the wealth of inspiration her experiences provide.",How do you think Sabrina Carpenter's experiences as a young adult influence her songwriting?,"In what ways do you relate to the themes of self-care and relationship dynamics presented in ""Manchild""?","What do you think makes a song resonate with listeners during their own life experiences, as Carpenter suggests with her new single?"
Entertainment,https://news.google.com/api/attachments/CC8iK0NnNXFTREZSWlVWeVZFVk9iVWhFVFJDRkF4aV9CQ2dLTWdhcFFveU9vUVk=-w280-h168-p-df,**Addison Rae's Debut Album Release**,"Addison Rae has officially released her debut album titled ""Addison."" This marks a significant milestone in her career as she transitions from social media influencer to a music artist. The album showcases her artistic evolution and aims to resonate with her growing fanbase, highlighting her talents beyond her initial fame on platforms like TikTok.",What are your thoughts on Addison Rae's transition from social media influencer to music artist?,How do you think her background in social media has influenced her music style and audience reception?,What do you expect from her future projects after this debut album?
Entertainment,https://news.google.com/api/attachments/CC8iI0NnNW9jRlY1VTFsclNpMVpha1pZVFJEX0FoaXBCU2dLTWdB=-w280-h168-p-df,### Paige DeSorbo Announces Departure from 'Summer House',"Paige DeSorbo has announced her decision to leave the reality show ""Summer House"" after seven seasons. In her heartfelt message, she expressed gratitude for the memories, friendships, and opportunities the show has provided her, acknowledging both the good and challenging moments. Paige emphasized that it is time for her to close this chapter of her life, while assuring fans and castmates that they will not be seeing the last of her. She reflected on the rewarding experiences she had on the show, filled with laughter and drama, and hinted at future endeavors. Fellow cast member Lexi also shared her thoughts, indicating that the summer was not what she expected but was still a valuable learning experience.",What do you think influenced Paige's decision to leave 'Summer House' after so many seasons?,"How do you feel about the impact of reality TV on personal growth and relationships, as reflected in Paige's announcement?",What are your thoughts on how reality TV stars transition to new opportunities after leaving a long-running show?
Entertainment,https://news.google.com/api/attachments/CC8iK0NnNU5UWHBpZWs5a1lUWnZOMjR4VFJERUF4aW1CU2dLTWdhVko1NW9HZ28=-w280-h168-p-df,**Title: Ballerina: A New Chapter in the John Wick Franchise**,"""Ballerina"" is an upcoming American action thriller film that expands the John Wick universe as the fifth installment in the franchise. This spin-off is set between the events of ""John Wick: Chapter 3 – Parabellum"" and ""John Wick: Chapter 4."" The film features Ana de Armas in the lead role as Eve Macarro, showcasing her impressive skills in a character that promises to add depth to the established narrative of the series.","What are your expectations for ""Ballerina"" in terms of its connection to the John Wick storyline?",How do you think Ana de Armas will contribute to the legacy of the John Wick franchise with her portrayal of Eve Macarro?,"In what ways do you believe ""Ballerina"" will differentiate itself from the main John Wick films?"
Entertainment,https://news.google.com/api/attachments/CC8iL0NnNHhZVkIyWmpCcFdFSkpSak41VFJDM0FSaVRBaWdCTWdrTlFaTFRxS2V4aGdJ=-w280-h168-p-df,**Embracing Identity: Elliott Lowry's Journey**,"Elliott, the 15-year-old son of Teen Mom alum Kailyn Lowry, has publicly come out as gay and has chosen to go by his new name, Elliott, as part of embracing his identity. He expressed that this decision is significant for him, stating, “I’m doing it for me.” Elliott shared the challenges of growing up in the public eye, noting that being constantly filmed makes it difficult to truly express oneself and feel comfortable. His journey highlights the importance of authenticity and self-acceptance, especially in the context of navigating personal identity under the scrutiny of reality television.",How do you think growing up in the public eye impacts a person's ability to express their true identity?,What role do you believe names play in a person's sense of self and identity?,In what ways can society better support young individuals who are coming out and embracing their identities?
Entertainment,https://news.google.com/api/attachments/CC8iL0NnNHlkRlk1ZHpkdmNFdEROREJGVFJERUF4aW1CU2dLTWdrQlFZeXZKR2hxY2dF=-w280-h168-p-df,### Title: Tragic Incident Highlights Ongoing Harassment and Violence,"In a recent statement, de Gonzales revealed that he and his partner, Joss, had endured significant harassment, much of which was overtly homophobic. Sigfredo Ceja Alvarez, a neighbor, has been charged with the murder of Joss following a shooting incident. Police Chief McManus acknowledged the lack of timely information regarding the case and explained that while police do not initially charge hate crimes, they gather facts for the District Attorney to consider during sentencing. Over the past two years, police had responded to approximately 70 calls related to disturbances in Joss's neighborhood, with Joss himself sometimes being the caller. The situation escalated to the point where their home was burned down after repeated threats. On the day of the shooting, Joss and de Gonzales were grieving near the site of their home when they were attacked. Joss was fatally shot while trying to protect de Gonzales, who described the traumatic experience of being targeted with violent homophobic slurs. Joss was pronounced dead at the scene at the age of 59.",How do you think communities can better support LGBTQ+ individuals facing harassment and violence?,What role do you believe law enforcement should play in addressing hate crimes and ensuring the safety of marginalized groups?,In what ways can society work to change the attitudes that lead to homophobic violence and discrimination?
Entertainment,https://news.google.com/api/attachments/CC8iK0NnNU1PV3BWZWkxUFkwRnlUV0pQVFJDcUJCaXFCQ2dLTWdhTk1JelZGQVk=-w280-h168-p-df,**Title: Highlights of the 78th Annual Tony Awards Ceremony**,"The 78th annual Tony Awards will be hosted by the accomplished Cynthia Erivo, with Darren Criss and Renée Elise Goldsberry leading the pre-show special, ""The Tony Awards: Act One."" The ceremony will showcase performances from all five nominees for Best Musical, including ""Buena Vista Social Club"" and ""Dead Outlaw,"" as well as the four nominees for Best Revival of a Musical, such as ""Gypsy"" and ""Sunset Blvd."" A notable highlight will be a special performance celebrating the 10th anniversary of the original Broadway cast of ""Hamilton."" In the competitive categories, the Best Revival of a Play features a close race between David Henry Hwang's ""Yellow Face"" and Jonathan Spector's ""Eureka Day."" Additionally, the Best Direction of a Musical category includes notable directors like Saheem Ali and Michael Arden. Audra McDonald, a record holder for Tony wins, could potentially extend her record with her performance in ""Gypsy,"" while Harvey Fierstein will receive a special Tony Award for Lifetime Achievement in the Theater.",What are your thoughts on the significance of the performances from the nominated shows at the Tony Awards?,How do you think the competition in the Best Revival of a Play category will impact the overall outcome of the awards?,What does Audra McDonald's potential record-breaking win mean for the representation of performers in theater?
Entertainment,https://news.google.com/api/attachments/CC8iI0NnNVphSGRoYTA5SU0xZzNZa2g2VFJDZkF4ampCU2dLTWdB=-w280-h168-p-df,"**Title: Premiere of ""Echo Valley"" - A Thrilling Mother-Daughter Drama**","Apple Original Films is set to premiere the gripping thriller ""Echo Valley,"" featuring a star-studded cast including Julianne Moore, Sydney Sweeney, and Domhnall Gleeson. The film centers on Kate, portrayed by Moore, who is a mother striving to reconcile her strained relationship with her troubled daughter Claire, played by Sweeney. The tension escalates dramatically when Claire arrives at Kate's home in a state of panic, covered in blood, which raises urgent questions about her safety and the nature of their relationship. ""Echo Valley"" will debut on Apple TV+ on June 13, promising an intense exploration of familial bonds amidst chaos.","What themes do you think ""Echo Valley"" explores regarding the mother-daughter relationship?",How do you think the portrayal of addiction in the film will impact viewers' perceptions of the characters?,In what ways do you believe the thriller genre enhances the storytelling of complex family dynamics?
Sports,https://news.google.com/api/attachments/CC8iI0NnNUpWWEJ4WWpST1UyaGxlRTF0VFJERUF4aW1CU2dLTWdB=-w280-h168-p-df,**Title: Pacers Stage Dramatic Comeback in Game 1 of NBA Finals**,"In a thrilling Game 1 of the NBA Finals, the Indiana Pacers overcame a significant deficit against the Oklahoma City Thunder, trailing by as much as 15 points early in the fourth quarter. Led by Tyrese Haliburton, who delivered a game-winning shot with just 0.3 seconds left, the Pacers managed to rally back despite facing a formidable performance from Thunder's MVP Shai Gilgeous-Alexander, who scored 38 points. The Pacers struggled with turnovers, committing 19 in the first half but improved significantly in the second half, only giving up 6. Haliburton acknowledged the challenging atmosphere created by the Thunder's home crowd, which contributed to some early-game jitters. The series continues with Game 2 scheduled for Sunday night in Oklahoma City.",How do you think the Pacers can maintain their momentum going into Game 2 after such a dramatic win?,What impact do you believe the home crowd will have on the Thunder's performance in the next game?,In what ways do you think Tyrese Haliburton's leadership influenced the Pacers' comeback in Game 1?
Sports,https://news.google.com/api/attachments/CC8iI0NnNXlXVVpaTldNME9GTmZVbmh5VFJDb0FSaXNBaWdCTWdB=-w280-h168-p-df,### Title: Rodgers Joins Steelers: A New Chapter in Pittsburgh,"Aaron Rodgers is set to participate in Pittsburgh's mandatory minicamp next week, marking a significant moment for the Steelers as they integrate the veteran quarterback into their roster. While Rodgers is not the same player who threw 48 touchdowns to just five interceptions in 2020, his presence is still a notable improvement over the team's previous options. The Steelers have also bolstered their offense by trading for Seahawks wide receiver DK Metcalf, who has consistently performed at a high level throughout his career. If Rodgers and Metcalf can establish a strong connection, they could lead the Steelers to a successful season. Although concerns remain about Rodgers' current performance level, head coach Mike Tomlin is seen as capable of managing the situation effectively.",How do you think Aaron Rodgers' experience will impact the Steelers' offensive strategy this season?,What are your thoughts on the potential chemistry between Rodgers and DK Metcalf?,Do you believe that Mike Tomlin is the right coach to handle the challenges that come with integrating a player like Rodgers?
Sports,https://news.google.com/api/attachments/CC8iK0NnNWZaVWN0U25ZNFpHbDRRVEo1VFJDb0FSaXNBaWdCTWdhQkVJNnRFUXM=-w280-h168-p-df,### Title: Alcaraz Advances to Final Amidst Injury Withdrawals,"Carlos Alcaraz reached the final of the tournament after his opponent, Lorenzo Musetti, retired due to injury. In the ongoing match, Jannik Sinner faced Novak Djokovic, with Sinner attempting to regain momentum after Djokovic showcased impressive shots to take a lead. Notably, Sinner has not lost a set at Roland Garros this year. Alcaraz praised Musetti's skills, acknowledging the challenge he presented in their match, particularly in the first two sets, which were fiercely contested.",How do you think injuries impact the dynamics of a tournament like Roland Garros?,What qualities do you believe make a player like Alcaraz stand out in high-pressure matches?,In what ways do you think the mental aspect of tennis influences a player's performance during critical moments?
Sports,https://news.google.com/api/attachments/CC8iK0NnNXVOMjB6UlRrdE1IaEJXWGxIVFJDZkF4ampCU2dLTWdhbFZaRHNwUWM=-w280-h168-p-df,**Title: Knicks Eye Jason Kidd for Coaching Position**,"The New York Knicks are reportedly planning to seek permission to interview Jason Kidd, the current head coach of the Dallas Mavericks, for their vacant coaching position following the firing of Tom Thibodeau. While a definitive list of candidates has not been established, Kidd is believed to be a leading contender due to his previous successful relationship with Knicks player Jalen Brunson during their time together in Dallas. Additionally, Ime Udoka, who recently completed a successful second season with the Houston Rockets, has also been mentioned as a potential candidate for the Knicks' coaching role.",What do you think are the key qualities the Knicks should look for in their next head coach?,How might Jason Kidd's previous relationship with Jalen Brunson influence the Knicks' decision-making process?,"In your opinion, what impact could a new coach have on the Knicks' performance in the upcoming season?"
Sports,https://news.google.com/api/attachments/CC8iK0NnNVBVSGcwWmsxSVFuZzVTa2hyVFJERUF4aW5CU2dLTWdZZEU1U05FUWc=-w280-h168-p-df,**Title: Insights on the 2025 Belmont Stakes and Betting Opportunities**,"The 2025 Belmont Stakes is set to take place at 6:50 p.m. ET, with notable contenders including Baeza, who previously secured a third-place finish in the Kentucky Derby. Baeza is recognized for his consistent performance and strategic racing style, making him a horse to consider for bettors. Those who have followed his picks on various betting platforms, such as FanDuel and TwinSpires, may have seen significant returns. It is important to note that CBS Sports provides this information for entertainment purposes and does not guarantee the accuracy of the content or the outcomes of events. The site also emphasizes responsible gambling, offering resources for those who may need help with gambling issues.",What factors do you think contribute to a horse's success in major races like the Belmont Stakes?,How do you feel about the role of betting promotions in influencing people's decisions to wager on horse racing?,What are your thoughts on the importance of responsible gambling resources in the context of sports betting?
Sports,https://news.google.com/api/attachments/CC8iI0NnNU1SV1ptV1VWWGFuRnJXV1IzVFJEcUFSaWdBeWdLTWdB=-w280-h168-p-df,**Title: Coaching Changes in the NHL: The Case of Pete DeBoer and the Dallas Stars**,"In a surprising move, the Dallas Stars announced the firing of head coach Pete DeBoer, who had led the team to three consecutive Western Conference Final appearances. This decision came after a disappointing performance in the playoffs, where the Stars lost six of seven games to the Edmonton Oilers, and a particularly troubling elimination game where the team conceded two goals on just two shots. General manager Jim Nill expressed gratitude for DeBoer's contributions but emphasized the need for a new voice in the locker room to help the team achieve its ultimate goal of winning the Stanley Cup. DeBoer, 56, has a notable track record, having reached the conference finals with three different teams over the past seven seasons, including the Vegas Golden Knights and the San Jose Sharks.",What do you think are the key factors that lead to a coach being fired in professional sports?,"How important is it for a team to have continuity in coaching, especially during playoff runs?","In your opinion, what qualities should the Dallas Stars look for in their next head coach to improve their chances of winning the Stanley Cup?"
Sports,https://news.google.com/api/attachments/CC8iMkNnNTFRMDlFTFY5SFpFcFVXSFZqVFJDZkF4amlCU2dLTWd1QkVwYm9uU2s5NC1wYWd3=-w280-h168-p-df,**Title: Reflections on UFC 316 and Fighter Mindsets**,"In the lead-up to UFC 316, fighter Sean O’Malley expressed a sense of satisfaction with his performance, despite the competitive nature of the sport. The event features a co-main bout between Julianna Pena and Kayla Harrison for the women’s Bantamweight title, highlighting the significance of rematches in mixed martial arts. O’Malley, like many fighters, views the opportunity to face opponents who have previously bested them as a chance for redemption, regardless of whether the fight is for a championship title. The early preliminaries for UFC 316 are set to air on ESPN, showcasing the excitement surrounding the event.",How do you think the pressure of rematches affects a fighter's performance in the octagon?,What are your thoughts on the importance of championship titles in motivating fighters to seek revenge against past opponents?,In what ways do you think a fighter's mindset influences their approach to training and preparation for a rematch?
Sports,https://news.google.com/api/attachments/CC8iL0NnNU1XVVZmZDFST1ZEVkdaa1ZTVFJERUF4aW1CU2dLTWdtQkVJeHdGZXZBcFFJ=-w280-h168-p-df,**Title: Jon Jones' Retirement and the Heavyweight Championship Controversy**,"Tom Aspinall, the interim UFC heavyweight champion, has reiterated his belief that Jon Jones has retired, which he claims would make him the 'undisputed champion.' Aspinall, who secured the interim title by defeating Sergei Pavlovich in November 2023, suggests that Jones, who has been unable to defend his title due to injury, may not be concerned about being stripped of the heavyweight championship. Aspinall's comments reflect a growing sentiment in the MMA community regarding Jones' status and the implications for the heavyweight division.",What do you think the implications of Jon Jones' potential retirement are for the heavyweight division in the UFC?,"How do you feel about the legitimacy of interim titles in combat sports, especially in light of situations like this?","Do you believe that Jon Jones will return to the octagon, or is it time for the UFC to move on without him?"
Sports,https://news.google.com/api/attachments/CC8iK0NnNDVSV1JKUTBjelZqUkZkM2N4VFJDZkF4ampCU2dLTWdZQk1JZ3JxUVU=-w280-h168-p-df,**Title: Stanley Cup Final Preview: Oilers vs. Panthers**,"The Stanley Cup Final will once again showcase a matchup between the Edmonton Oilers and the Florida Panthers, starting tonight. Florida's goaltender, Sergei Bobrovsky, has been outstanding this postseason, boasting a 12-6 record, a 2.17 goals-against average, and a .912 save percentage. On the other side, Edmonton's Stuart Skinner has played a crucial role in the Oilers' success, making key saves to prevent the Panthers from gaining an advantage late in games. Skinner has reclaimed the starting position since May 10, achieving a 6-2 record with an impressive 1.73 goals-against average, .931 save percentage, and three shutouts. Additionally, Leon Draisaitl made history by tying an NHL record with his third overtime goal of the postseason, highlighting the intensity and competitiveness of this year's final.",How do you think the performance of the goaltenders will impact the outcome of the Stanley Cup Final?,What are your thoughts on the significance of Draisaitl's record-tying overtime goals in the context of the series?,In what ways do you think the previous matchup between the Oilers and Panthers will influence their strategies in this year's final?
Science,https://news.google.com/api/attachments/CC8iL0NnNVFXVXBUTW5nMVdrOVdPVXBZVFJDZkF4ampCU2dLTWdrQm80cE9PYVc0RXdF=-w280-h168-p-df,**Title: Atmospheric Discoveries on WASP-121b**,"Scientists have made significant discoveries regarding the atmosphere of the ultra-hot gas giant WASP-121b, utilizing advanced telescopes to identify key molecules such as water vapor, carbon monoxide, silicon monoxide, and methane. This exoplanet orbits its star at a remarkably close distance, only twice the star's diameter, and completes an orbit in a mere 30.5 hours. The extreme proximity to its star creates drastic temperature variations across the planet, with the dayside soaring above 3000 degrees Celsius, while the nightside cools to around 1500 degrees Celsius. These findings enhance our understanding of the atmospheric composition and thermal dynamics of exoplanets in extreme environments.",What implications do the findings about WASP-121b's atmosphere have for our understanding of exoplanetary atmospheres in general?,How do the extreme temperature differences on WASP-121b affect the potential for habitability or the existence of life?,What challenges do scientists face when studying the atmospheres of distant exoplanets like WASP-121b?
Science,https://news.google.com/api/attachments/CC8iK0NnNHdZWGxTYUZKdmVXOUJSRGRIVFJDZkF4amtCU2dLTWdZMWtvZ1N0UVU=-w280-h168-p-df,**Title: NASA's Budget Cuts and Leadership Changes for 2026**,"The fiscal year 2026 budget allocates $18.8 billion to NASA, marking a significant reduction of $6 billion, or approximately 25%, from the previous year. This budget includes over $7 billion dedicated to lunar exploration and introduces $1 billion in new investments aimed at Mars-focused programs. Additionally, President Trump recently announced the withdrawal of his nomination of billionaire Jared Isaacman to lead NASA, indicating a shift in leadership as the agency navigates these budgetary changes.",How do you think the reduction in NASA's budget will impact its long-term goals for space exploration?,What are your thoughts on the decision to withdraw Jared Isaacman's nomination as NASA's leader?,In what ways do you believe the new investments in Mars-focused programs will shape the future of space exploration?
Science,https://news.google.com/api/attachments/CC8iK0NnNXJNV2xGVkU4eVRrRTROelJXVFJERUF4aW1CU2dLTWdZWnM0eFB1UVU=-w280-h168-p-df,### Title: Understanding Extreme Nuclear Transients and Their Implications for Black Hole Research,"Extreme Nuclear Transients (ENTs) are extraordinary astronomical phenomena that outshine typical tidal disruption events and can remain luminous for years, emitting energy levels far exceeding those of the brightest supernovae. For example, the most energetic ENT releases 25 times more energy than the most powerful known supernova. This discovery prompted astronomer Hinkle to collaborate with observatory teams globally to investigate these unusual long-lived flares from distant galaxies. The brightness of ENTs allows astronomers to observe them across vast cosmic distances, providing insights into black hole growth during a time when the universe was significantly younger and galaxies were more active in star formation and black hole feeding. ENTs occur when massive stars, at least three times the mass of the Sun, are disrupted by supermassive black holes at the centers of galaxies. The study highlights the potential for discovering more supermassive black holes, which typically remain undetected, by searching for these extreme events. Notably, one such event, referred to as ""Barbie,"" was identified in 2020, marking a significant contribution to our understanding of these cosmic phenomena.",How do the findings about ENTs change our understanding of black hole activity in the early universe?,What implications do these discoveries have for future astronomical research and the search for supermassive black holes?,In what ways might the study of ENTs influence our understanding of stellar evolution and the life cycles of massive stars?
Science,https://news.google.com/api/attachments/CC8iJ0NnNW5aMlpLTWtsSlZHZDFRa3RNVFJDZkF4ampCU2dLTWdNQklBRQ=-w280-h168-p-df,**Title: Operational Control of GPS III SV08 and Future Enhancements**,"GPS III SV08 is now under operational control at Lockheed Martin’s Denver Launch & Checkout Operations Center, showcasing the company's capability to swiftly launch and deploy national security space assets. This satellite is part of the GPS III series, which aims to deliver precise and resilient positioning, navigation, and timing (PNT) services essential for various sectors, including aviation, maritime, land transportation, and search and rescue operations. Once operational, GPS III SV08 will be the eighth satellite in the GPS III constellation, featuring enhanced M-code capabilities that improve navigation precision and anti-jamming measures for military applications. Additionally, Lockheed Martin has received a contract modification to construct two more GPS IIIF satellites, further bolstering the constellation's capabilities. The GPS III SV08 mission was successfully launched by SpaceX on a Falcon 9 rocket on May 30.",How do you think the enhanced capabilities of the GPS III satellites will impact military operations?,What are the potential implications of improved GPS technology for civilian sectors like aviation and transportation?,"In your opinion, how important is it for countries to maintain and upgrade their satellite navigation systems in the context of national security?"
Science,https://news.google.com/api/attachments/CC8iK0NnNXhWMnR2VkRCT1ZVcFphbTB0VFJDZkF4ampCU2dLTWdhcFFJd1BxUVU=-w280-h168-p-df,**Title: Rethinking the Milky Way and Andromeda Collision**,"Recent research has significantly altered the understanding of the potential collision between the Milky Way and Andromeda galaxies, suggesting that the likelihood of this merger is much lower than previously believed. While earlier theories posited that a collision, resulting in a new elliptical galaxy known as Milkomeda, was inevitable, the new findings indicate that such an event may occur over the next two billion years, contingent on the proximity of the two galaxies during their initial passage. If they remain more than approximately 500,000 light-years apart, a merger may not happen at all. The study, published in Nature Astronomy, emphasizes that the fate of the Milky Way remains uncertain, with researchers looking forward to more precise measurements from the Gaia space telescope to better understand the dynamics of these galaxies.",How do you think the new findings about the Milky Way and Andromeda collision will impact our understanding of galaxy formation and evolution?,What implications do you think this research has for the future of our galaxy and its potential interactions with other galaxies?,"How do you feel about the idea that the fate of the Milky Way is still open and uncertain, rather than predetermined?"
Health,https://news.google.com/api/attachments/CC8iK0NnNWtORTFRTWtkTFpVcHhZemxaVFJDUUF4allCQ2dLTWdZaFZJeXNLUVk=-w280-h168-p-df,**Title: Advancements in HIV Research Using Lipid Nanoparticles**,"Recent research has utilized a novel lipid nanoparticle formulation, referred to as LNP X, to encapsulate mRNA-based latency reversing agents (LRAs) targeting HIV. This approach successfully activated HIV transcription in CD4+ T cells from individuals living with HIV who are on antiretroviral therapy (ART) in an ex vivo setting. Dr. Paula Cevaal, a co-author of the study, expressed enthusiasm over the ability of this lipid nanoparticle to deliver mRNA into HIV-infected cells, prompting them to expose the virus. This breakthrough could enable the immune system or therapeutic drugs to recognize and eliminate the virus, bringing researchers closer to finding a potential cure for HIV. The study was conducted using cells donated by HIV patients, and Cevaal noted the initial results were surprisingly promising, suggesting that this new nanoparticle design may pave the way for innovative treatments in HIV management. **Questions:**",What implications do you think the successful activation of HIV transcription in CD4+ T cells could have for future HIV treatments?,How do you feel about the potential of lipid nanoparticles in delivering therapeutic agents for other viral infections beyond HIV?,What ethical considerations should researchers keep in mind when using donated cells from HIV patients in studies like this?
Health,https://news.google.com/api/attachments/CC8iL0NnNDVOekJPUjNSWlN6ZG9ja1IwVFJDZkF4ampCU2dLTWdraEVKYnJHU29lcFFJ=-w280-h168-p-df,**Title: Updated COVID-19 Vaccination Recommendations for Children and Pregnant Women**,"The Centers for Disease Control and Prevention (CDC) has issued new recommendations regarding COVID-19 vaccinations for healthy children and pregnant women, indicating that these groups may receive the vaccine, rather than strongly advising them to do so. This change follows a review by the Advisory Committee on Immunization Practices (ACIP), which evaluates extensive evidence on the safety and effectiveness of vaccines to guide recommendations on who should be vaccinated and the timing of vaccinations. While the CDC director has the authority to adopt, reject, or modify these recommendations, it is uncommon for such modifications to occur.",What do you think about the CDC's decision to soften the language regarding COVID-19 vaccinations for children and pregnant women?,How do you feel about the role of ACIP in determining vaccination recommendations based on clinical trial data?,What impact do you think this change in recommendations will have on public perception of COVID-19 vaccinations?
Health,https://news.google.com/api/attachments/CC8iL0NnNWZObUZ0UVZRemNuWTFXR0V5VFJDb0FSaXNBaWdCTWdrSk00WnRJZWVaTVFF=-w280-h168-p-df,**Title: Health Risks of Nasal Irrigation with Contaminated Water**,"A Texas woman tragically died from an infection caused by a brain-eating amoeba after using tap water in a nasal irrigation device, as reported by the Centers for Disease Control and Prevention (CDC). The investigation revealed that she had used non-boiled water from the potable water faucet of her RV for nasal irrigation multiple times prior to her illness, without any recent exposure to fresh water. The CDC noted that between 1962 and 2023, only four out of 164 known cases of this infection in the U.S. have resulted in survival. This incident highlights the serious health risks associated with improper use of nasal irrigation devices and underscores the necessity of maintaining water quality in recreational vehicles and ensuring that municipal water systems comply with health regulations.",What precautions do you think should be taken when using nasal irrigation devices to prevent infections?,How can municipalities improve water quality to ensure safety for residents and travelers using tap water?,What are your thoughts on the awareness and education surrounding the risks of using non-boiled water for nasal irrigation?
Health,https://news.google.com/api/attachments/CC8iJ0NnNWxSblZXYVZSQllXUmpMWEJDVFJDZkF4ampCU2dLTWdPSkpnUQ=-w280-h168-p-df,### Title: Rising Measles Cases and the Importance of Vaccination,"Measles cases are on the rise in England, with outbreaks also occurring across Europe and in countries closely linked to the UK. Dr. Saliba emphasized the highly contagious nature of measles, which can lead to severe complications such as ear and chest infections and even inflammation of the brain, resulting in long-term health issues for some children. The MMR vaccine is highlighted as the most effective means of protection against measles, and it is never too late for individuals to get vaccinated. In April and May, there were 109 and 86 reported cases, respectively, primarily among unvaccinated children under 10 years old. The current figures are alarming, being double the cases reported earlier in 2023 and the highest since 1997. The UK Health Security Agency noted that Europe experienced its highest measles cases in nearly 30 years last year. Dr. Amanda Doyle from NHS England urged parents to ensure their children are vaccinated, as many young children remain unprotected against this easily spread disease.",What do you think are the main reasons for the recent increase in measles cases in England and Europe?,How do you feel about the importance of vaccination in preventing outbreaks of contagious diseases like measles?,What steps do you think communities can take to encourage more parents to vaccinate their children against measles?
Health,https://news.google.com/api/attachments/CC8iK0NnNXRjRjlSWWxkcVMwRmlkMmxvVFJERUF4aW5CU2dLTWdZTkI1eG9FZ28=-w280-h168-p-df,### Title: Measles Cases Confirmed in Colorado: Public Health Advisory,"Colorado public health officials have reported three additional cases of measles linked to an international flight that arrived at Denver International Airport in May. The affected individuals, who are unrelated, were present at the airport on May 14. Symptoms of measles typically appear between seven to 21 days after exposure and include fever, cough, runny nose, red eyes, and a distinctive rash that usually emerges several days later. The Colorado Department of Public Health and Environment (CDPHE) has advised anyone who visited specific locations, including a King Soopers in Windsor on May 31, to monitor for symptoms and to contact healthcare providers before seeking care if symptoms develop. The MMR (measles, mumps, and rubella) vaccine is emphasized as a strong preventive measure, particularly for those who have not been vaccinated, as it can prevent infection if administered within 72 hours of exposure.",What are your thoughts on the importance of vaccination in preventing outbreaks like this one?,How do you think public health officials can improve communication during health crises?,What measures do you believe individuals should take when traveling to prevent the spread of infectious diseases?
Health,https://news.google.com/api/attachments/CC8iI0NnNUxaMGhJVlVSWk1tZzRiR1J5VFJDZkF4ampCU2dLTWdB=-w280-h168-p-df,**Understanding MASH: The Severe Form of MASLD**,"MASH, or metabolic dysfunction-associated steatotic liver disease, represents the most severe manifestation of this condition, which affects individuals who consume little to no alcohol. It is characterized by the presence of over 5 percent fat in the liver, indicating significant metabolic dysfunction. This condition highlights the impact of metabolic health on liver function, emphasizing the need for awareness and management of liver-related issues in individuals with minimal alcohol consumption.",What do you think are the main lifestyle factors contributing to the development of MASH in individuals who do not consume alcohol?,How can awareness and education about MASH help in its prevention and management?,"In your opinion, what role should healthcare providers play in addressing metabolic dysfunction and its impact on liver health?"
Health,https://news.google.com/api/attachments/CC8iK0NnNUNhREE1T0dFdFVHY3pVVmRHVFJDcUJCaXFCQ2dLTWdZcE5JNlFNUVk=-w280-h168-p-df,**Title: Risks of GLP-1 Receptor Agonists in Older Diabetic Patients**,"A recent study published in Jama Ophthalmology by Canadian researchers has revealed that the use of GLP-1 receptor agonists (RAs) is linked to a doubled risk of developing neovascular age-related macular degeneration in older adults with diabetes after six months of treatment, compared to those not using these medications. Novo Nordisk, the manufacturer of semaglutide, emphasizes that patient safety is paramount and urges individuals to seek immediate medical attention if they experience sudden vision loss or a rapid decline in eyesight while on the medication.",What are your thoughts on the balance between the benefits and risks of using GLP-1 receptor agonists for diabetes management in older patients?,How do you think pharmaceutical companies should address and communicate potential risks associated with their medications to patients?,"In light of this study, what alternative treatments for diabetes do you think should be considered for older adults?"
