Title,Link,Paragraphs,Topic,Image
Manny Collins disappearance: Authorities search landfill,https://www.fox9.com/video/1653837,"['Authorities are searching an Elk River landfill for Manny Collins, who has been missing more than a month from Columbia Heights, Minnesota.', '', '', 'This material may not be published, broadcast, rewritten, or redistributed. ©2025 FOX Television Stations']",U.S.,https://news.google.com/api/attachments/CC8iI0NnNVZUR0U1VTAxR05FOVlTVlU1VFJDZkF4ampCU2dLTWdB=-w280-h168-p-df
Manny Collins search: The latest updates,https://www.fox9.com/video/1649561,"['Law enforcement is still searching for a missing Columbia Heights teen who disappeared against his will nearly three weeks ago.', '', '', 'This material may not be published, broadcast, rewritten, or redistributed. ©2025 FOX Television Stations']",U.S.,https://news.google.com/api/attachments/CC8iI0NnNVZUR0U1VTAxR05FOVlTVlU1VFJDZkF4ampCU2dLTWdB=-w280-h168-p-df
Mom of missing Manny Collins issues plea to father,https://www.fox9.com/video/1652344,"['The search continues for 16-year-old Manny Collins, who is missing ""against his will."" After nearly a month, his mother continues to plead with Collins\' father for information regarding her only son\'s disappearance. FOX 9\'s Bill Keller has more on the story.', '', '', 'This material may not be published, broadcast, rewritten, or redistributed. ©2025 FOX Television Stations']",U.S.,https://news.google.com/api/attachments/CC8iI0NnNVZUR0U1VTAxR05FOVlTVlU1VFJDZkF4ampCU2dLTWdB=-w280-h168-p-df
"Officials believe Twin Cities boy's disappearance to be ""against his will,"" person of interest established",https://www.cbsnews.com/minnesota/news/endangered-missing-columbia-heights-16-year-old-boy/,"['Watch CBS News', 'Updated on: May 29, 2025 / 8:36 PM CDT / CBS Minnesota', 'Law enforcement officials say they believe 16-year-old Jordan Dupree Collins Jr., who went missing earlier this month in Columbia Heights, Minnesota, was taken ""against his will,"" and a person of interest has been established.', ""In a press conference on Wednesday afternoon held with Collins' family, Anoka County Sheriff Brad Wise says he doesn't think this is a case of a teenager running away. "", '""We believe his disappearance is against his will. We fear worse,"" Wise said.', ""Collins — who is commonly known by the nickname, Manny — was last seen on May 8 near the 4900 block of University Avenue Northeast. An apartment building near the intersection is now under investigation. Ashley Berry, Collins' mother, says her son has lived at the building with his father since mid-April, with plans to return to her in June.  "", ""A neighbor said Collins' father had not been at the apartment in weeks. "", ""Investigators have spoken with Collins' father multiple times. Wise didn't identify the person of interest on Wednesday, but noted no one is in custody and no criminal charges have been filed. "", ""Wise says since Collins' disappearance, his cellphone has only been turned on once for three minutes. He hasn't talked to any family members or his girlfriend, and he hasn't logged onto social media."", ""Berry says her son typically texts or calls her daily, but it's been weeks since she's heard from him. She says he even hasn't claimed his allowance through CashApp."", ""Berry held hands with other family members at Wednesday's press conference before making a painful plea to find her child."", '""Manny, if you\'re looking at this, if you\'re somewhere that you\'re capable of listening to this or you see me, just know that I love you, and you know how much I\'m worried,"" Berry said. ""And you are loved. You got a lot of people looking for you.""', 'Collins stands 5 feet 8 inches tall, weighs about 140 pounds and has black hair and brown eyes. He was last seen wearing a white, ribbed tank top with red and black plaid pants.  ', '""Multiple individuals have been interviewed, and forensic evidence has been collected and is being processed,"" Wise said in a statement released after the press conference. ""Coordinated searches have been conducted at parks and in the neighborhood.""', 'Business owners and residents with surveillance cameras in the area are asked to review footage captured between May 8 and May 12, and submit photos and videos if they spot Collins or anything suspicious.', '""If you have a soul, if you have a heart, just say something, please,"" Berry said. ""I just know he\'s not lost. Wherever he is, he\'s somewhere that he doesn\'t want to be.""', 'Wise says his office and police are being assisted by the Minnesota Bureau of Criminal Apprehension, the FBI, the National Center for Missing and Exploited Children and Northstar Search and Rescue — adding the agencies are ""using all available resources to locate Manny.""', '""The family and law enforcement believe that somebody knows something,"" Wise said.', ""Anyone with information on this case is asked to contact the bureau's tip line at 1-877-996-6222, or send an email to bca.tips@state.mn.us."", 'If you know of a child who may have been a victim of exploitation, call the National Center for Missing or Exploited Children at 1-800-843-5678 or visit the website.', ""Cole Premo is digital manager for CBS Minnesota. For more than a decade, he's been covering breaking news and weather, daily topics, stories from the Native community and more in Minnesota."", '© 2025 CBS Broadcasting Inc. All Rights Reserved.', '©2025 CBS Broadcasting Inc. All Rights Reserved.']",U.S.,https://news.google.com/api/attachments/CC8iI0NnNVZUR0U1VTAxR05FOVlTVlU1VFJDZkF4ampCU2dLTWdB=-w280-h168-p-df
Search for Manny Collins: Police fear teen missing against will,https://www.fox9.com/video/1648912,"['A Columbia Heights teen is believed to be missing against his will, authorities said on Wednesday, as they urged anyone with information to come forward.', '', '', 'This material may not be published, broadcast, rewritten, or redistributed. ©2025 FOX Television Stations']",U.S.,https://news.google.com/api/attachments/CC8iI0NnNVZUR0U1VTAxR05FOVlTVlU1VFJDZkF4ampCU2dLTWdB=-w280-h168-p-df
Disappearance of Manny Collins: Uncle of missing teen speaks out,https://www.fox9.com/news/disappearance-manny-collins-uncle-missing-teen-speaks-out,"['', ""There's still no sign of Manny Collins as the Columbia Heights teenager has been missing for three weeks. FOX 9's Karen Scullin has the latest."", 'COLUMBIA HEIGHTS, Minn. (FOX 9) - Investigators returned Thursday afternoon to the apartment building where 16-year-old Manny Collins was last known to be staying with his father, walking out with what appeared to be evidence bags as the search for the missing teen continues.', 'Law enforcement is still searching for a missing Columbia Heights teen who disappeared against his will nearly three weeks ago.', ""What they're saying:"", '""I love him, and I’m not letting up. I’m not letting up,"" said Mike Wilson Jr., Collins’ uncle.', 'Wilson said he believes his nephew is still alive but may be held against his will. He has reached out to his estranged brother—Collins’ father—but said his brother is not cooperating with investigators.', '""My nephew is missing, and the last person he was seen with—it’s not rocket science,"" Wilson said. ""We’re not building rockets, man. It’s common sense. He’s yelling, ‘I need a lawyer, I need a lawyer.’""', 'Wilson said he and Collins have a close relationship and speak frequently. He said Collins never indicated that his father was violent, but noted the two have had disagreements about religion. It remains unclear if those differences are connected to the teen’s disappearance.', '""If you’ve got a soul, if you’ve got a heart, why would you want to be a part of something like that?"" Wilson said. ""Why would you even want to put somebody through that?""', 'The Anoka County Sheriff’s Office said Thursday that investigators are continuing to follow leads and are working to identify potential search areas. The agency said it may request additional assistance for future formal searches.', '""All roads point to one thing,"" Wilson said. ""I just want my nephew to come and enjoy his summer so we can do these bike rides and go to the lake, man, and just chill. That’s what he likes to do, and that’s what I like to do.""', 'The backstory:', ""Collins has been missing for nearly three weeks. He was last seen on May 8 in the area of University Avenue and 49th Avenue Northeast in Columbia Heights. Collins' mom, Ashley Berry, said he was staying with his father at the time. "", 'Collins is 5-foot-8 and 140 pounds with black hair and brown eyes. He was last wearing a ribbed tank top with red/black plaid pants. ', 'Coordinated searches have been conducted around the neighborhood and at nearby parks, but Collins has not been located. Authorities say forensic evidence has been collected and is currently being processed.', 'READ MORE: Disappearance of Manny Collins: What we know so far', ""Investigators interviewed several individuals, including Collins' father, but law enforcement would not comment on whether he was cooperating."", 'Anoka County Sheriff Brad Wise said they have some investigative leads and a person of interest in Collins\' disappearance. He would not identify this individual to ""protect the integrity of the investigation"" but said so far, this person has ""not been helpful."" No one has been arrested or formally charged. ', 'The sheriff added that they don’t believe there is a threat to the community, and this incident is specific to Collins, but ""nothing is off the table at this point."" ', 'All the news you need to know, every day', 'By clicking Sign Up, I confirm\nthat I have read and agree\nto the Privacy Policy\nand Terms of Service.', '', 'This material may not be published, broadcast, rewritten, or redistributed. ©2025 FOX Television Stations']",U.S.,https://news.google.com/api/attachments/CC8iI0NnNVZUR0U1VTAxR05FOVlTVlU1VFJDZkF4ampCU2dLTWdB=-w280-h168-p-df
Landfill search in missing teen case: What we know,https://www.fox9.com/video/1653916,"['Law enforcement is searching an Elk River landfill as part of the investigation into the disappearance of 16-year-old Manny Collins, who has been missing for nearly a month. FOX 9’s Rob Olson has more from the scene.', '', '', 'This material may not be published, broadcast, rewritten, or redistributed. ©2025 FOX Television Stations']",U.S.,https://news.google.com/api/attachments/CC8iI0NnNVZUR0U1VTAxR05FOVlTVlU1VFJDZkF4ampCU2dLTWdB=-w280-h168-p-df
Mother pleads for missing son who disappeared against his will,https://www.kare11.com/video/news/local/mother-pleads-for-missing-son-who-disappeared-against-his-will/89-1afb8006-fe57-415f-9399-9a7cc5b958e4,"['', '', '', '', '', '', '', '', '', '', '', '', '', '', '', '', '']",U.S.,https://news.google.com/api/attachments/CC8iI0NnNVZUR0U1VTAxR05FOVlTVlU1VFJDZkF4ampCU2dLTWdB=-w280-h168-p-df
"Columbia Heights teen missing for three weeks likely being ‘held against his will,’ police say",https://www.startribune.com/twin-cities-16-year-old-missing-for-3-weeks-likely-being-held-against-his-will-police-say/601363510,"['TWIN CITIES SUBURBS', 'A “person of interest” has been identified but has not been helpful, the Anoka County sheriff said.', 'By Paul Walsh', 'Law enforcement officials said Wednesday that they suspect a 16-year-old boy who has been missing for three weeks is being held “against his will,” adding that a “person of interest” has been identified.', 'Jordan “Manny” Collins Jr. of Columbia Heights was last seen on May 8 near the 4900 block of University Avenue NE., the Anoka County Sheriff’s Office said.', 'Collins is described as Black, 5 feet, 8 inches tall, weighing 140 pounds, with black hair and brown eyes. At the time of his disappearance, he was wearing a white ribbed tank top with red and black plaid pants.', 'Since Collins was last seen, “there has been no known phone or social media use by him,” Columbia Heights Police Chief Matt Markham said at a news conference.', 'Anoka County Sheriff Brad Wise added that lack of activity is suspicious, because “16-year-olds don’t just disconnect the way Manny did via social media.”', 'Markham said that numerous people have been interviewed and various parks in the area have been searched.', '“We believe his disappearance is against his will,” Wise said. “We fear worse.”', 'The sheriff said that some leads are being pursued and that authorities “do have a person of interest who so far has not been helpful, despite the fact you would expect he would want to be helpful.” He declined to say more.', 'The term “person of interest” is routinely used by law enforcement in reference to someone who is not yet a suspect in a criminal investigation.', 'Collins’ mother, Ashley Berry, said at the news conference that her son’s disappearance “is like a nightmare I can’t wake up from.”', 'Berry said her son has never run away before and had been visiting his father with plans to return on June 4. No one at the news conference identified the father or said where he lives.', 'She said her son’s phone has been off since the day he disappeared, other than for three minutes of activity on May 11.', '“He’s not lost,” Berry said. “Wherever he is, he’s somewhere he doesn’t want to be.”', 'In hopes that her son would see the news conference, she said: “Manny, if you are looking at this … I love you, and you know how much I am worried.""', 'DULUTH', 'HIGH SCHOOLS', 'CURIOUS MINNESOTA', 'RETAIL', '', '', '', '', 'Wise said that he and the family are confident that “somebody knows something. Maybe if it’s even just in the back of their mind somewhere, they should reach out.”', 'The sheriff asked that residents check their property in the area where Collins was last seen. They also requested that residents and business owners review any surveillance video on May 8-12 and provide it to law enforcement through this online portal.', 'Tips in the case are being fielded by the state Bureau of Criminal Apprehension at 877-996-6222 and bca.tips@state.mn.us.', 'Paul Walsh is a general assignment reporter at the Minnesota Star Tribune. He wants your news tips, especially in and near Minnesota.', '', '', '', '', 'TWIN CITIES SUBURBS', '', '', 'TWIN CITIES SUBURBS', '', '', 'TWIN CITIES SUBURBS', 'The course named after legendary U golf coach Les Bolstad will close for good at the end of the 2025 season.', '© 2025 StarTribune.All rights reserved.']",U.S.,https://news.google.com/api/attachments/CC8iI0NnNVZUR0U1VTAxR05FOVlTVlU1VFJDZkF4ampCU2dLTWdB=-w280-h168-p-df
"Mother of missing Twin Cities teen, believed to be taken ""against his will,"" pleads for his safe return",https://www.cbsnews.com/minnesota/news/missing-teen-columbia-heights-mother-speaks-out/,"['Watch CBS News', 'Updated on: May 30, 2025 / 8:26 PM CDT / CBS Minnesota', ""A worried Minnesota mother says she hasn't heard from her teenage son in weeks."", 'Jordan ""Manny"" Collins Jr., 16, vanished while visiting his father in Columbia Heights on May 8. Investigators think someone took him ""against his will.""', '""This is out of the norm for him,"" Collins\' mother, Ashley Berry, said.', ""Berry says she can't sleep or eat, and is worried about her only child. "", '""My mind is racing all over the place. I want to believe that my son is still here in the state and physically here, but it\'s hard as the days go by to think that,"" Berry said.', 'She says Collins has plans and rarely misses a day speaking to her, his grandmother or his girlfriend.', '""He has a job interview for Planet Fitness. He would have checked on his grandma, me and his girlfriend. He\'s a lady\'s man and he loves his Mom,"" Berry said.', 'According to Berry, her son has taken on the role as head of the household.', '""He feels like he must be the man and protect the rest of his family. You\'re 16 and I want you to be a kid as long as possible. That\'s not your job. But that\'s him. That\'s his personality,"" she said.', 'Berry says Collins did not like to worry her, so he always made sure to be positive about everything.', '""Wednesday before he went missing, he said he was taking a walk to clear his head, and I\'m trying to check on him, and I asked, \'Is there anything you want to talk about?\' And he said, \'No, do you want to talk about anything? "" Berry said.', ""Her concern is that Collins hasn't used a phone or social media since he disappeared. For now, she is holding on to hope because so many people are searching for him."", '""Even his old friends he hasn\'t seen in months, they\'ve called me, like, \'What do you need me to do?"" Berry said.', ""She is asking for the public's help."", '""If you see something, say something, "" Berry said.', 'And praying for the safe return of her son.', '""Just come home, just come home,"" she said.', ""Police say they do have a person of interest in this case, and they've collected forensic evidence. "", 'Investigators are asking neighbors to check their yards or cameras for anything suspicious.', ""Reg Chapman joined WCCO-TV in May of 2009. He came to WCCO from WNBC-TV in New York City where he covered an array of stories for the station including the Coney Island plane crash, the crane collapse on the city's east side, 50 shots fired at motorist Sean Bell by New York Police, and a lacrosse team assault at Fairfield High School in Connecticut."", '© 2025 CBS Broadcasting Inc. All Rights Reserved.', '©2025 CBS Broadcasting Inc. All Rights Reserved.']",U.S.,https://news.google.com/api/attachments/CC8iI0NnNVZUR0U1VTAxR05FOVlTVlU1VFJDZkF4ampCU2dLTWdB=-w280-h168-p-df
Columbia Heights hopes to see answers on what happened to 16-year-old Manny,https://www.kare11.com/article/news/community/colombia-heights-hopes-see-answers-what-happened-16-year-old-manny/89-d8ecf2a2-155d-4b09-9add-5a13c06931e6,"['', '', '', '', '', '', '', '', '', 'COLUMBIA HEIGHTS, Minn. — Business is bustling at Parts City Auto Parts in Columbia Heights, but the usual rhythm has been disrupted by concern for a missing local teenager.', 'Jordan “Manny” Collins Jr., 16, was last seen on May 8 near the 4900 block of University Avenue NE, according to Columbia Heights Police. His mother, Ashley Berry, made a public plea Wednesday, asking for help from the community and from Manny’s father, who she says was the last person known to see him.', '“If you’re watching this, Manny, we need you to come home. You’ve got a whole lot of people that care about you right now,” Berry said.', 'Parts City employees Justin Hansen and Butch Schnedecker said the news has weighed heavily on them and others in the area. ', '“We’re definitely keeping our eye out for him,” Schnedecker said.', 'Brandon Showalter, who grew up in Columbia Heights, said the situation is heartbreaking. ', '“You have your son for 16 years, and all of a sudden, one day, he’s gone,” Showalter said.', 'Residents told reporters that Manny’s father, whose photo appears on missing posters, lives in a building near the intersection where police say Manny was last seen. Law enforcement has been seen canvassing the area and checking for surveillance footage.', '“A police officer did call me the other day and ask, ‘Do you have cameras on the side of your building for the alley?’” Schnedecker said.', 'As the search continues, investigators are urging anyone who may have seen something to come forward. ', ""Berry pleaded for Manny's father to come out and say something. She says that's the last place Manny was known to be. "", '""I prayed his father would come out and speak eventually,"" said Berry. ', '“Prayers to the mom and dad. Hopefully, he cooperates and gets to the bottom of it,” Hansen added.', 'Police ask anyone with information about Manny Collins Jr.’s whereabouts to contact the BCA Resource Line at 1-877-996-6222.']",U.S.,https://news.google.com/api/attachments/CC8iI0NnNVZUR0U1VTAxR05FOVlTVlU1VFJDZkF4ampCU2dLTWdB=-w280-h168-p-df
Manny Collins search: Residents asked to check for suspicious items,https://www.fox9.com/news/manny-collins-search-residents-asked-check-suspicious-items,"['', 'The search continues for 16-year-old Manny Collins, who is missing ""against his will."" After nearly a month, his mother continues to plead with Collins\' father for information regarding her only son\'s disappearance. FOX 9\'s Bill Keller has more on the story.', 'COLUMBIA HEIGHTS, Minn. (FOX 9) - The search for missing Columbia Heights teen Manny Collins is nearing a month, without many answers or clues to find him.', 'What we know:', 'Thursday, authorities told FOX 9 they are asking any residents in the 4900 block of University Avenue Northeast in Columbia Heights to check their property for any suspicious items. They’re also asking anyone with home or business surveillance footage showing Manny, or anything suspicious between May 8-12 to submit it to the Anoka County evidence portal.', 'Authorities say they have conducted public and private property searches, and used dogs in some of those searches, to look for any clues.', 'Authorities also say they’ve tried to contact Manny’s father about his disappearance. Law enforcement believes Collins went missing against his will, and they have a person of interest who is not being named. There have been no arrests or charges in the case.', ""What they're saying:"", 'FOX 9’s Karen Scullin sat down with the mother of the missing teen as authorities continue to search for answers in the case.', '""I’m being strong for my son. I know I can’t go crazy right now because I have to find him,"" said Berry.', 'At the time of his disappearance, Collins was temporarily staying with his father, and Berry called him looking for her son. At first, she explained she wasn’t overly concerned.', 'What you can do:', 'Authorities say Collins’ disappearance is an ongoing investigation with combined efforrts from the Columbia Heights Police Department, Bureau of Criminal Apprehension, Federal Bureau of Investigation and Anoka County Sheriff’s Office. ', 'Anyone with an information about Manny’s disappearance is urged to contact the BCA Tip Line at 1-877-996-6222 or bca.tips@state.mn.us.', 'All the news you need to know, every day', 'By clicking Sign Up, I confirm\nthat I have read and agree\nto the Privacy Policy\nand Terms of Service.', '', 'This material may not be published, broadcast, rewritten, or redistributed. ©2025 FOX Television Stations']",U.S.,https://news.google.com/api/attachments/CC8iI0NnNVZUR0U1VTAxR05FOVlTVlU1VFJDZkF4ampCU2dLTWdB=-w280-h168-p-df
Police have 'person of interest' in 16-year-old's disappearance,https://www.yahoo.com/news/police-person-interest-16-olds-232527736.html,"['', '', '', '', '', ""Police have 'person of interest' in 16-year-old's disappearance originally appeared on Bring Me The News."", 'Police investigating the disappearance of a 16-year-old Columbia Heights boy say they have established a person of interest in the case, and say that they believe he went missing ""against his will.""', 'Jordan Collins Jr., commonly known as ""Manny,"" was last seen on May 8 near the 4900 block of University Avenue Northeast, where he was wearing a white ribbed tank top with red/black plaid pants.', 'In an update on Wednesday, police say searches have been conducted at parks and the neighborhood around where he was last seen, ""multiple individuals have been interviewed, and forensic evidence has been collected and is being processed.""', ""The Anoka County Sheriff's Office is asking people in the area with home or business surveillance footage showing anything suspicious between May 8 and 12 to submit it to police, and to check their properties for suspicious items."", '""A person of interest has been established in the disappearance of Manny Collins; however, no one has been arrested or formally charged,"" the sheriff\'s office said.', 'Collins is 5\'8"" tall, weighs 140 lbs., has black hair and brown eyes.', '""Since he was last seen, there has been no known phone or social media activity by Manny,"" police say.', 'Anyone with information can submit tips to the BCA Resource Line at 1-877-996-6222 or bca.tips@state.mn.us.', 'Note: The details provided in this story are based on law enforcement’s latest version of events, and may be subject to change.', 'This story was originally reported by Bring Me The News on May 28, 2025, where it first appeared.']",U.S.,https://news.google.com/api/attachments/CC8iI0NnNVZUR0U1VTAxR05FOVlTVlU1VFJDZkF4ampCU2dLTWdB=-w280-h168-p-df
Manny Collins search: Police at Elk River landfill,https://www.fox9.com/video/1653891,"[""Law enforcement is searching a landfill in Elk River as part of the investigation into missing 16-year-old Manny Collins. The Anoka County Sheriff's Office said law enforcement is searching the Waste Management Landfill in Elk River in connection with the disappearance of Collins. The Columbia Heights Police Department, Minnesota Bureau of Criminal Apprehension and FBI are assisting in the search."", '', 'This material may not be published, broadcast, rewritten, or redistributed. ©2025 FOX Television Stations']",U.S.,https://news.google.com/api/attachments/CC8iI0NnNVZUR0U1VTAxR05FOVlTVlU1VFJDZkF4ampCU2dLTWdB=-w280-h168-p-df
No title found,https://www.msn.com/en-us/news/us/search-for-manny-collins-teen-missing-against-his-will-police-fear/ar-AA1FDtZN,[],U.S.,https://news.google.com/api/attachments/CC8iI0NnNVZUR0U1VTAxR05FOVlTVlU1VFJDZkF4ampCU2dLTWdB=-w280-h168-p-df
"Sheriff believes missing Twin Cities teen taken ""against his will""",https://www.cbsnews.com/minnesota/video/sheriff-believes-missing-twin-cities-teen-taken-against-his-will/,"['Watch CBS News', '©2025 CBS Broadcasting Inc. All Rights Reserved.']",U.S.,https://news.google.com/api/attachments/CC8iI0NnNVZUR0U1VTAxR05FOVlTVlU1VFJDZkF4ampCU2dLTWdB=-w280-h168-p-df
Disappearance of Manny Collins: What we know so far,https://www.fox9.com/news/disappearance-manny-collins-what-we-know-so-far,"['', ""There's still no sign of Manny Collins as the Columbia Heights teenager has been missing for three weeks. FOX 9's Karen Scullin has the latest."", 'COLUMBIA HEIGHTS, Minn. (FOX 9) - Law enforcement is still searching for a missing Columbia Heights teen who disappeared against his will nearly three weeks ago.', 'Law enforcement is still searching for a missing Columbia Heights teen who disappeared against his will nearly three weeks ago.', 'The backstory:', 'Jordan ""Manny"" Collins has been missing for nearly three weeks. He was last seen on May 8 in the area of University Avenue and 49th Avenue Northeast in Columbia Heights. Collins\' mom, Ashley Berry, said he was staying with his father at the time. ', 'Collins is 5-foot-8 and 140 pounds with black hair and brown eyes. He was last wearing a ribbed tank top with red/black plaid pants. ', 'Coordinated searches have been conducted around the neighborhood and at nearby parks, but Collins has not been located. Authorities say forensic evidence has been collected and is currently being processed.', ""Investigators interviewed several individuals, including Collins' father, but law enforcement would not comment on whether he was cooperating."", 'Anoka County Sheriff Brad Wise said they have some investigative leads and a person of interest in Collins\' disappearance. He would not identify this individual to ""protect the integrity of the investigation"" but said so far, this person has ""not been helpful."" No one has been arrested or formally charged. ', 'The sheriff added that they don’t believe there is a threat to the community, and this incident is specific to Collins, but ""nothing is off the table at this point."" ', 'Timeline:', 'Here are the key dates authorities have mentioned so far in the search for Collins. ', 'The investigation is a joint effort between the Anoka County Sheriff’s Office and the Columbia Heights Police Department. Law enforcement is also getting assistance from the Minnesota Bureau of Criminal Apprehension, the FBI, the National Center for Missing and Exploited Children, and North Start Search and Rescue. ', 'What you can do:', 'Law enforcement is asking businesses and residents near the area of 49th and University Avenue to review video between May 8 and May 12 for any signs of Collins or other suspicious footage. Residents in the area are also asked to check their property for any suspicious items. ', '""We believe that somebody knows something. And maybe if it’s just in the back of their mind somewhere, that they’ll reach out through the BCA or through the Anoka County Sheriff’s Office to share that bit of information, which might be critical as we search to locate Manny,"" said Sheriff Wise. ', 'Videos and photos can be submitted to an evidence portal through the Anoka County Sheriff’s Office here. ', 'Law enforcement, family, and friends of Collins urge those with information about his disappearance to come forward. Tips can be submitted to the BCA Resource Line at 1877-996-6222 or bca.tips@state.mn.us.', 'The Source: This report uses information from a May 28 press conference.', 'All the news you need to know, every day', 'By clicking Sign Up, I confirm\nthat I have read and agree\nto the Privacy Policy\nand Terms of Service.', '', 'This material may not be published, broadcast, rewritten, or redistributed. ©2025 FOX Television Stations']",U.S.,https://news.google.com/api/attachments/CC8iI0NnNVZUR0U1VTAxR05FOVlTVlU1VFJDZkF4ampCU2dLTWdB=-w280-h168-p-df
Mother of missing Twin Cities teen makes emotional appeal,https://www.cbsnews.com/minnesota/video/mother-of-missing-twin-cities-teen-makes-emotional-appeal/,"['Watch CBS News', '©2025 CBS Broadcasting Inc. All Rights Reserved.']",U.S.,https://news.google.com/api/attachments/CC8iI0NnNVZUR0U1VTAxR05FOVlTVlU1VFJDZkF4ampCU2dLTWdB=-w280-h168-p-df
Disappearance of Manny Collins: Police share latest on the search,https://www.fox9.com/news/manny-collins-disappearance-update-june-2-2025,"['', ""There's still no sign of Manny Collins as the Columbia Heights teenager has been missing for three weeks. FOX 9's Karen Scullin has the latest."", 'COLUMBIA HEIGHTS, Minn. (FOX 9) - Authorities say they have interviewed additional people in connection to the disappearance of Manny Collins, who went missing ""against his will"" nearly a month ago.', ""What they're saying:"", 'The Anoka County Sheriff\'s Office and Columbia Heights Police Department on Monday provided an update on the investigation into 16-year-old Collins\' disappearance, saying they are using all available resources to ""bring answers to Manny\'s loved ones and community.""', 'READ MORE: Disappearance of Manny Collins: Uncle of missing teen speaks out', '""Detectives are canvassing areas of interest. Forensic testing of possible evidence is ongoing. Additional people have also been interviewed and leads continue to be followed up. Larger searches are being considered, and we will reach out to the public if assistance is needed. To protect the integrity of the investigation, public details are limited. As more public details become available, we will share them,"" the update said. ', 'A Columbia Heights teen is believed to be missing against his will. Jordan ""Manny"" Collins, 16, has now been missing for nearly three weeks. He was last seen on May 8 in the area of University Avenue and 49th Avenue NE in Columbia Heights.', 'The backstory:', 'Jordan ""Manny"" Collins Jr., 16, has been missing for nearly three weeks. He was last seen on May 8 in the area of University Avenue and 49th Avenue Northeast in Columbia Heights. Collins\' mom, Ashley Berry, said he was staying with his father at the time. ', 'Collins is 5-foot-8 and 140 pounds with black hair and brown eyes. He was last wearing a ribbed tank top with red/black plaid pants. ', 'Coordinated searches have been conducted around the neighborhood and at nearby parks, but Collins has not been located. Authorities say forensic evidence has been collected and is currently being processed.', ""Investigators interviewed several individuals, including Collins' father, but law enforcement would not comment on whether he was cooperating."", 'Anoka County Sheriff Brad Wise said they have some investigative leads and a person of interest in Collins\' disappearance. He would not identify this individual to ""protect the integrity of the investigation"" but said so far, this person has ""not been helpful."" No one has been arrested or formally charged. ', 'The sheriff added that they don’t believe there is a threat to the community, and this incident is specific to Collins, but ""nothing is off the table at this point."" ', 'Timeline:', 'Here are the key dates authorities have mentioned so far in the search for Collins. ', 'What you can do:', ""Anyone who has information about Manny is asked to submit tips to the Minnesota Bureau of Criminal Apprehension's tip line at 1-877-996-6222 or bca.tips@state.mn.us."", 'A Columbia Heights teen is believed to be missing against his will, authorities said on Wednesday, as they urged anyone with information to come forward.', 'All the news you need to know, every day', 'By clicking Sign Up, I confirm\nthat I have read and agree\nto the Privacy Policy\nand Terms of Service.', '', 'This material may not be published, broadcast, rewritten, or redistributed. ©2025 FOX Television Stations']",U.S.,https://news.google.com/api/attachments/CC8iI0NnNVZUR0U1VTAxR05FOVlTVlU1VFJDZkF4ampCU2dLTWdB=-w280-h168-p-df
Anoka County Sheriff's Office gives update on missing teen Jordan 'Manny' Collins Jr.,https://www.kare11.com/video/news/local/anoka-county-sheriffs-office-gives-update-on-missing-teen-jordan-manny-collins-jr/89-349c9c2b-a151-4b28-bf54-6620d62a70a0,"['', '', '', '', '', '', '', '', '']",U.S.,https://news.google.com/api/attachments/CC8iI0NnNVZUR0U1VTAxR05FOVlTVlU1VFJDZkF4ampCU2dLTWdB=-w280-h168-p-df
Disappearance of Manny Collins: Mother of missing teen pleads for answers,https://www.fox9.com/news/disappearance-manny-collins-mother-missing-teen-pleads-answers,"['', 'FOX 9’s Karen Scullin sat down with Ashley Berry, the mother of missing Columbia Heights teen Manny Collins, as they continue to search for answers in the case.', 'COLUMBIA HEIGHTS, Minn. (FOX 9) - The search for missing 16-year-old Manny Collins continues nearly one month after his disappearance. While hope remains, his mother is growing increasingly concerned about his well-being.', 'Jordan ""Manny"" Collins Jr. was last seen on May 8 in the area of University Avenue and 49th Avenue Northeast in Columbia Heights. Collins\' mother, Ashley Berry, said he was staying with his father at the time.', 'Police believe Collins went missing ""against his will"" and have a person of interest that they are not naming at this time. No one has been arrested or formally charged. ', ""There's still no sign of Manny Collins as the Columbia Heights teenager has been missing for three weeks. FOX 9's Karen Scullin has the latest."", ""What they're saying:"", 'FOX 9’s Karen Scullin sat down with the mother of their missing teen as authorities continue to search for answers in the case.', '""I’m being strong for my son. I know I can’t go crazy right now because I have to find him,"" said Berry.', ""Each minute, hour, and day that passes, it’s getting tougher for Collins' mother. She prays the rosary for his safe return."", '""I’m all over the place to be honest. With my friends, my family, the detectives, and God that’s keeping me strong.""', 'At the time of his disappearance, Collins was temporarily staying with his father, and Berry called him looking for her son. At first, she explained she wasn’t overly concerned.', 'READ MORE: Disappearance of Manny Collins: What we know so far', '""I was just playing. I said, \'You know what? I’m gonna put out a missing persons report.’ Cause I’ve said that before. He knows how I am. So, he didn’t answer that day. And then Saturday he answered. He said, \'Ashley, he just went to his girlfriend\'s house and your grandmother\'s house,\' which that’s not true.""', ""Collins' father has reportedly not been cooperative with the investigation. FOX 9 was there when investigators appeared to leave the father’s apartment with bags of evidence."", '""They found a lot of stuff in his house that’s concerning and that’s why they’re going hard like they are now,"" explained Berry.', 'When asked if Collins was happy at his father’s house, Berry responded ""He was. There were a few things he didn’t agree with his dad about as far as the religion… I guess he was kinda forcing it more. He didn’t really like it but he didn’t tell me he had a problem staying over there. He never said he was in any danger or anything.""', 'The search continues for 16-year-old Manny Collins, who is missing ""against his will."" After nearly a month, his mother continues to plead with Collins\' father for information regarding her only son\'s disappearance. FOX 9\'s Bill Keller has more on the story.', 'Dig deeper:', ""Investigators are continuing to conduct searches in various locations. While Collins' family was hopeful for his safety last week, Berry’s outlook has changed.  "", 'When asked if she thought her son was ok, Berry responded, ""No. It’s hard for me to say that. I don’t, I don’t think he is.""', 'READ MORE: Disappearance of Manny Collins: Uncle of missing teen speaks out', 'Despite her deepening concern, Berry continues to hope and pray for the safe return of her only child. ', '""Manny, if you see this, I love you. You have a lot of people that love you and care about you and we want you home,"" Berry appealed. ', 'What you can do:', 'Collins is 5-foot-8 and 140 pounds with black hair and brown eyes. He was last wearing a ribbed tank top with red/black plaid pants. ', ""Anyone with information on Collins' disappearance is urged to contact the police. "", 'The Source: This report uses previous FOX 9 reporting and information obtained in an interview with Ashley Berry. ', 'All the news you need to know, every day', 'By clicking Sign Up, I confirm\nthat I have read and agree\nto the Privacy Policy\nand Terms of Service.', '', 'This material may not be published, broadcast, rewritten, or redistributed. ©2025 FOX Television Stations']",U.S.,https://news.google.com/api/attachments/CC8iI0NnNVZUR0U1VTAxR05FOVlTVlU1VFJDZkF4ampCU2dLTWdB=-w280-h168-p-df
"Search for Manny Collins: Teen missing 'against his will,' police fear",https://www.fox9.com/news/search-manny-collins-teen-missing-against-his-will-police-fear,"['A Columbia Heights teen is believed to be missing against his will, authorities said on Wednesday, as they urged anyone with information to come forward.', 'COLUMBIA HEIGHTS, Minn. (FOX 9) - A Columbia Heights teen is believed to be missing against his will, authorities said on Wednesday, as they urged anyone with information to come forward.', 'A missing Columbia Heights teen is believed to be missing against his will, authorities said on Wednesday, as they urged anyone with information on the case to come forward.', 'What we know:', 'Jordan ""Manny"" Collins has now been missing for nearly three weeks. He was last seen on May 8 in the area of University Avenue and 49th Avenue NE in Columbia Heights.', 'Collins is 5-foot-8-inches tall, 140 pounds with black hair and brown eyes.', 'Searches have been conducted in the area of University and 49th. Police are asking businesses and residences in that area to check surveillance video between May 8 and May 12 for Collins or anything suspicious.', 'Jordan Collins Jr. (Supplied)', 'The backstory:', ""Columbia Heights police and the Anoka County Sheriff's Office held a briefing on Collins' disappearance on Wednesday. During the briefing, authorities told media members that Collins may be missing against his will."", '""Sixteen year olds don\'t just disconnect the way Manny did,"" said Anoka County Sheriff Brad Wise. ""We\'re all convinced he disappeared against his will.""', 'Sheriff Wise said the department does have some leads, and they are continuing to look into the case with help from agencies, including the Minnesota BCA and the FBI. They also say there is a person of interest in the case.', '""Someone knows something,"" Sheriff Wise said.', 'What you can do:', ""Anyone with information on Collins' whereabouts is asked to call Anoka County Emergency Dispatch at 763-427-1212. You can also submit videos or other digital evidence through the sheriff's department's evidence portal."", 'Manny Collins has been missing since May 8. (Supplied)', ""What they're saying:"", 'At the news conference, Manny\'s mother made an impassioned plea for someone to come forward, adding her son ""is not just lost.""', '""Manny, if you\'re somewhere that you\'re capable of listening to this, or you see me,"" said mother Ashley Berry. ""Just know that I love you, and you know how much I\'m worried.  And you\'re loved, a lot of people are looking for you.""', ""Berry she has continued to send Manny his allowance through CashApp but says he hasn't used it. His phone also hasn't pinged since May 11, which was Mother's Day."", '""Manny has never run away before, this is unlike him,"" she added.', ""Berry said Manny was staying with his father with hopes of improving his grades, but planned to return to his mother's home for the summer for a job at Planet Fitness."", '""If anyone has a heart and a soul and has seen anything, please come forward,"" Berry said. ""Manny, we need you to come home.""', ""The Source: This report uses information from the Anoka County Sheriff's Office and the Minnesota BCA. "", 'All the news you need to know, every day', 'By clicking Sign Up, I confirm\nthat I have read and agree\nto the Privacy Policy\nand Terms of Service.', '', 'This material may not be published, broadcast, rewritten, or redistributed. ©2025 FOX Television Stations']",U.S.,https://news.google.com/api/attachments/CC8iI0NnNVZUR0U1VTAxR05FOVlTVlU1VFJDZkF4ampCU2dLTWdB=-w280-h168-p-df
Large search at Elk River Landfill tied to missing child case,https://www.kare11.com/article/news/local/large-search-at-elk-river-landfill-tied-to-missing-child-case/89-7ef118c9-2f39-40f0-8620-118536ccc05c,"['', '', '', '', '', '', '', '', '', 'ELK RIVER, Minn. — A large team of law enforcement and search personnel is combing through a north metro landfill, searching for evidence in the case of a missing Anoka County teen. ', ""Images from SKY 11 show more than a dozen searchers from the Columbia Heights PD, Anoka County Sheriff's Office, and agents from the Minnesota BCA and FBI suited up and using rakes to sort through garbage at the Elk River Landfill. "", 'Anoka County investigators have confirmed for KARE 11 that they are actively working on the disappearance of 16-year-old Jordan ""Manny"" Collins Jr., who was last seen on May 8 near the 4900 block of University Avenue in Columbia Heights. ', ""Jordan's mother, Ashley Berry, made a public plea on May 29, asking for help from the community and from Manny’s father, who she says was the last person known to see him. During the press conference, Columbia Heights Police Chief Matt Markham told reporters his investigators believe Manny was taken against his will. "", '""If somebody knows something, if you have a soul, if you have a heart, please just say something,"" begged the teen\'s mom. ', 'In a press conference Friday afternoon, the Anoka County Sheriff\'s Office said officials are ""committed to finding Manny, and that\'s why we\'re throwing these resources at the investigation.""', '""We have an idea of what we might be looking for, and we\'re going to search until we find that or not find that,"" said Anoka County Commander Wayne Heath.', 'He said the search could continue at the landfill through the weekend until investigators have exhausted their search for evidence. ']",U.S.,https://news.google.com/api/attachments/CC8iI0NnNVZUR0U1VTAxR05FOVlTVlU1VFJDZkF4ampCU2dLTWdB=-w280-h168-p-df
'Please just say something': Mother pleads for missing son who disappeared against his will,https://www.kare11.com/article/news/local/please-just-say-something-mother-pleads-missing-teen-to-return-home/89-540d9238-86ef-4dea-8a39-e431d3275e14,"['', '', '', '', '', '', '', '', '', 'COLUMBIA HEIGHTS, Minn. — A Columbia Heights mother pleaded for the return of her teenage son on Wednesday at a news conference alongside family and local authorities.', '""If somebody knows something, if you have a soul, if you have a heart, please just say something,"" said Ashley Berry, the mother of Jordan Collins Jr.', 'Collins Jr., also known as Manny, was last seen on the 4900 block of University Avenue Northeast in Columbia Heights on May 8.', '""I hope his father says something,"" added the boy\'s mom, saying Manny was last known to be with his father.', '16-year-old Jordan Collins Jr. (who goes by Manny) was last seen earlier this month. His mother says he’s a good kid, and hasn’t answered his phone or accepted cash app payments.\n\nThe Anoka County Sheriff says they think Manny’s disappearance was against his will @kare11 pic.twitter.com/hIzJydzQ8G', 'Berry added that she had remained in communication with her son for days after he disappeared, but his phone has been off since May 11.', 'Authorities believe the boy was ""disappeared"" against his will, according to Columbia Heights Police Chief Matt Markham.', 'Anyone with information about his location or other tips is encouraged to contact the BCA Resource Line at 1-877-996-6222 or bca.tips@state.mn.us. ']",U.S.,https://news.google.com/api/attachments/CC8iI0NnNVZUR0U1VTAxR05FOVlTVlU1VFJDZkF4ampCU2dLTWdB=-w280-h168-p-df
Disappearance of Manny Collins: Uncle of missing teen speaks out,https://www.yahoo.com/news/disappearance-manny-collins-uncle-missing-010915235.html,"['', '', '', '', '', 'The Brief', 'Investigators collected evidence from the apartment where missing 16-year-old Manny Collins was last staying with his father, as the search for the teen continues.', 'Manny’s uncle, Mike Wilson Jr., believes the teen is alive and possibly being held against his will. He accuses Collins’ father of not cooperating with the investigation.', 'Authorities are still following leads and may conduct formal searches with additional help in the coming days.', 'COLUMBIA HEIGHTS, Minn. (FOX 9) - Investigators returned Thursday afternoon to the apartment building where 16-year-old Manny Collins was last known to be staying with his father, walking out with what appeared to be evidence bags as the search for the missing teen continues.', ""What they're saying"", '""I love him, and I’m not letting up. I’m not letting up,"" said Mike Wilson Jr., Collins’ uncle.', 'Wilson said he believes his nephew is still alive but may be held against his will. He has reached out to his estranged brother—Collins’ father—but said his brother is not cooperating with investigators.', '""My nephew is missing, and the last person he was seen with—it’s not rocket science,"" Wilson said. ""We’re not building rockets, man. It’s common sense. He’s yelling, ‘I need a lawyer, I need a lawyer.’""', 'Wilson said he and Collins have a close relationship and speak frequently. He said Collins never indicated that his father was violent, but noted the two have had disagreements about religion. It remains unclear if those differences are connected to the teen’s disappearance.', '""If you’ve got a soul, if you’ve got a heart, why would you want to be a part of something like that?"" Wilson said. ""Why would you even want to put somebody through that?""', 'The Anoka County Sheriff’s Office said Thursday that investigators are continuing to follow leads and are working to identify potential search areas. The agency said it may request additional assistance for future formal searches.', '""All roads point to one thing,"" Wilson said. ""I just want my nephew to come and enjoy his summer so we can do these bike rides and go to the lake, man, and just chill. That’s what he likes to do, and that’s what I like to do.""', 'The backstory', ""Collins has been missing for nearly three weeks. He was last seen on May 8 in the area of University Avenue and 49th Avenue Northeast in Columbia Heights. Collins' mom, Ashley Berry, said he was staying with his father at the time."", 'Collins is 5-foot-8 and 140 pounds with black hair and brown eyes. He was last wearing a ribbed tank top with red/black plaid pants.', 'Coordinated searches have been conducted around the neighborhood and at nearby parks, but Collins has not been located. Authorities say forensic evidence has been collected and is currently being processed.', 'READ MORE: Disappearance of Manny Collins: What we know so far', ""Investigators interviewed several individuals, including Collins' father, but law enforcement would not comment on whether he was cooperating."", 'Anoka County Sheriff Brad Wise said they have some investigative leads and a person of interest in Collins\' disappearance. He would not identify this individual to ""protect the integrity of the investigation"" but said so far, this person has ""not been helpful."" No one has been arrested or formally charged.', 'The sheriff added that they don’t believe there is a threat to the community, and this incident is specific to Collins, but ""nothing is off the table at this point.""']",U.S.,https://news.google.com/api/attachments/CC8iI0NnNVZUR0U1VTAxR05FOVlTVlU1VFJDZkF4ampCU2dLTWdB=-w280-h168-p-df
Anoka County landfill search connected to case of missing teen,https://www.mprnews.org/story/2025/06/06/anoka-county-landfill-search-missing-teen-manny-collins,"['', '', '', '', 'Authorities in Anoka County said an Elk River landfill was being searched Friday in connection with the case of a teenager who’s been missing for nearly a month.', 'The Anoka County Sheriff’s Office said the search at the Waste Management landfill was tied to the disappearance of 16-year-old Manny Collins.', 'The search also involved the Columbia Heights Police Department, the Minnesota Bureau of Criminal Apprehension and the Federal Bureau of Investigation. But authorities did not offer further details of what prompted the search.', '“Law enforcement remains committed to using all available resources to conduct a thorough investigation in order to find Manny and bring answers to his family,” the sheriff’s office said in a news release.', 'Manny was last seen in Columbia Heights on May 8. Law enforcement officials previously said he’s had no known phone or social media activity since he went missing — and that they believed his disappearance was against his will.', 'Authorities have said there’s a person of interest in the case — but no one has been arrested or charged.', 'Anyone with information about the case is asked to contact the Minnesota Bureau of Criminal Apprehension at (877) 996-6222, or email bca.tips@state.mn.us.', '', 'Political debates with family or friends can get heated. But what if there was a way to handle them better?', 'You can learn how to have civil political conversations with our new e-book!', 'Download our free e-book, Talking Sense: Have Hard Political Conversations, Better, and learn how to talk without the tension.', 'When it comes to staying informed in Minnesota, our newsletters overdeliver. Sign-up now for headlines, breaking news, hometown stories, weather and much more. Delivered weekday mornings.', '']",U.S.,https://news.google.com/api/attachments/CC8iI0NnNVZUR0U1VTAxR05FOVlTVlU1VFJDZkF4ampCU2dLTWdB=-w280-h168-p-df
"An update in the search for a missing 16-year old boy from Columbia Heights, Manny Collins",https://www.audacy.com/wccoradio/news/local/update-on-search-for-missing-16-year-old-columbia-heights,"['An update Friday on the search for a missing 16-year old boy from Columbia Heights.', ""According to the Anoka County Sheriff's Department, law enforcement from several agencies are searching a landfill in Elk River in connection to Manny Collins' disappearance."", 'Anoka County Commander Wayne Heath says this is one part of the ongoing investigation.', '""Right now we\'re just searching for more information and as any other criminal investigation goes, sometimes we don\'t know what next piece of the puzzle will be, the final piece that that completes the picture for us,"" says Heath. ""So we\'re looking for that next piece of the puzzle.""', ""Heath says the landfill search could last through the weekend depending on what is or is not found there. He says they're still trying to contact Manny's father but are not calling him a suspect, and that investigators are continuing to follow up on other leads. The apartment the Collins shared with his father was declared a crime scene."", 'In recent days, investigators began calling the case an abduction, and the National Center for Missing and Exploited Children was called in to help in the search.', ""Sheriff's department officials say they're still conducting interviews and continue to test forensic evidence."", ""The Columbia Heights Police Department and Anoka County Sheriff's Office are requesting the public’s assistance in locating Jordan Collins Jr. (commonly known by his nickname “Manny”)."", 'Manny, age 16, of Columbia Heights, MN, was last seen on May 8, 2025, near the 4900 block of University Ave NE wearing a white ribbed tank top with red/black plaid pants. He is 5\'8"", 140 pounds, with black hair and brown eyes.', 'Tips may be submitted to the BCA Resource Line at 1877-996-6222 or email bca.tips@state.mn.us.', '', '', '', '', '']",U.S.,https://news.google.com/api/attachments/CC8iI0NnNVZUR0U1VTAxR05FOVlTVlU1VFJDZkF4ampCU2dLTWdB=-w280-h168-p-df
Disappearance of Manny Collins: Police share latest on the search,https://www.yahoo.com/news/disappearance-manny-collins-police-share-134502344.html,"['', '', '', '', '', 'The Brief', 'Authorities provided an update about their investigation into Manny Collins on Monday, saying they are interviewing additional people and following up on leads.', 'Jordan ""Manny"" Collins Jr., 16, was last seen on May 8 in Columbia Heights.', 'Police had said Collins went missing ""against his will.""', 'COLUMBIA HEIGHTS, Minn. (FOX 9) - Authorities say they have interviewed additional people in connection to the disappearance of Manny Collins, who went missing ""against his will"" nearly a month ago.', ""What they're saying"", 'The Anoka County Sheriff\'s Office and Columbia Heights Police Department on Monday provided an update on the investigation into 16-year-old Collins\' disappearance, saying they are using all available resources to ""bring answers to Manny\'s loved ones and community.""', 'READ MORE: Disappearance of Manny Collins: Uncle of missing teen speaks out', '""Detectives are canvassing areas of interest. Forensic testing of possible evidence is ongoing. Additional people have also been interviewed and leads continue to be followed up. Larger searches are being considered, and we will reach out to the public if assistance is needed. To protect the integrity of the investigation, public details are limited. As more public details become available, we will share them,"" the update said.', 'The backstory', 'Jordan ""Manny"" Collins Jr., 16, has been missing for nearly three weeks. He was last seen on May 8 in the area of University Avenue and 49th Avenue Northeast in Columbia Heights. Collins\' mom, Ashley Berry, said he was staying with his father at the time.', 'Collins is 5-foot-8 and 140 pounds with black hair and brown eyes. He was last wearing a ribbed tank top with red/black plaid pants.', 'Coordinated searches have been conducted around the neighborhood and at nearby parks, but Collins has not been located. Authorities say forensic evidence has been collected and is currently being processed.', ""Investigators interviewed several individuals, including Collins' father, but law enforcement would not comment on whether he was cooperating."", 'Anoka County Sheriff Brad Wise said they have some investigative leads and a person of interest in Collins\' disappearance. He would not identify this individual to ""protect the integrity of the investigation"" but said so far, this person has ""not been helpful."" No one has been arrested or formally charged.', 'The sheriff added that they don’t believe there is a threat to the community, and this incident is specific to Collins, but ""nothing is off the table at this point.""', 'Timeline', 'Here are the key dates authorities have mentioned so far in the search for Collins.', ""May 8: Collins was last seen near the area of the 4900 block of University Avenue Northeast in Columbia Heights. Collins' mother reported she last heard from her son in a text at around 4 a.m."", ""May 11: Collins' mother said that her son’s phone turned on for about three minutes before shutting off again. Police added there has been no activity from Collins' phone or social media since he was reportedly last seen."", 'May 12: A patrol officer with the Columbia Heights Police Department took a missing person’s report and passed it onto investigators, who started looking into the case.', 'May 13: The Minnesota BCA issued a missing persons alert for Collins.', 'May 15: Based on some of the facts investigators uncovered, police said they contacted the Anoka County Sheriff’s Office to get assistance from their criminal investigation unit.', ""May 28: Family members and law enforcement held a press conference on the teenager's disappearance, saying they believe he went missing against his will."", ""May 29: Manny's uncle spoke with FOX 9 about his disappearance. Watch the interview here."", ""June 2: Authorities provide an update about the investigation into Collins' disappearance, saying they have interviewed additional people and have followed up on leads, though details were vague."", 'What you can do', ""Anyone who has information about Manny is asked to submit tips to the Minnesota Bureau of Criminal Apprehension's tip line at 1-877-996-6222 or bca.tips@state.mn.us.""]",U.S.,https://news.google.com/api/attachments/CC8iI0NnNVZUR0U1VTAxR05FOVlTVlU1VFJDZkF4ampCU2dLTWdB=-w280-h168-p-df
Law enforcement asking for help locating 16-year-old boy missing from Columbia Heights,https://www.mprnews.org/story/2025/05/28/law-enforcement-asking-for-help-locating-16yearold-boy,"['', '', '', '', 'Authorities in Anoka County are asking the public for any information they may have about the whereabouts of a missing 16-year-old boy.', 'Jordan Collins Jr. — known as “Manny” — was last seen in Columbia Heights on May 8.', 'Anoka County Sheriff Brad Wise spoke at a news conference on Wednesday, May 28. He said anyone who works or lives in the vicinity of University Avenue and 49th Avenue Northeast and has any information, including video surveillance footage, should contact authorities.', '“The family and law enforcement believe that somebody knows something and that maybe, if it’s just in the back of their mind somewhere, that they’ll reach out through the BCA or through the Anoka County Sheriff’s Office to share that bit of information, which might be critical as we search to locate Manny,” Wise said, adding that he and other law enforcement officials think Manny’s disappearance was against his will.', '', 'There’s been no known phone or social media activity by Manny since he went missing. Authorities have conducted searches in the neighborhood, and interviewed multiple people. Columbia Heights police and the Anoka County Sheriff’s Office said there is a “person of interest” in the case, but no one has been arrested or charged.', 'Manny’s mother was also at the May 28 news conference, and offered an emotional plea to help find her son.', '“If anybody has a heart or soul, if they [have] seen anything, if you heard anything, please come forward, said Ashley Berry. “You can call anonymously.”', 'Manny was last seen wearing a white ribbed tank top with red and black plaid pants. He’s described as 5 foot 8 and 140 pounds, with black hair and brown eyes.', 'Anyone with information on his whereabouts is asked to contact the Minnesota Bureau of Criminal Apprehension at (877) 996-6222, or email bca.tips@state.mn.us.', 'Correction (June 2, 2025): An earlier version of this story incorrectly spelled Manny Collins’ name. The story has been updated.', 'When it comes to staying informed in Minnesota, our newsletters overdeliver. Sign-up now for headlines, breaking news, hometown stories, weather and much more. Delivered weekday mornings.', '']",U.S.,https://news.google.com/api/attachments/CC8iI0NnNVZUR0U1VTAxR05FOVlTVlU1VFJDZkF4ampCU2dLTWdB=-w280-h168-p-df
Missing Manny Collins: Law enforcement search Elk River landfill,https://www.fox9.com/news/manny-colins-law-enforcement-presence-elk-river-landfill,"[""The Anoka County Sheriff's Office provided an update on the Manny Collins search Friday afternoon after multiple law enforcement agencies conducted an investigation at the Waste Management landfill in Elk River."", 'ELK RIVER, Minn. (FOX 9) - Law enforcement is searching a landfill in Elk River as part of the investigation into missing 16-year-old Manny Collins. ', 'FOX 9’s Karen Scullin joins All Day after checking in with the mother of Manny Collins, the missing 16-year-old who was last seen nearly a month ago. Anoka County Sheriff’s Office will provide an update on the case as investigators search a landfill in Elk River.', 'Law enforcement is searching an Elk River landfill as part of the investigation into the disappearance of 16-year-old Manny Collins, who has been missing for nearly a month. FOX 9’s Rob Olson has more from the scene.', 'What we know:', ""The Anoka County Sheriff's Office said law enforcement is searching the Waste Management Landfill in Elk River in connection with the disappearance of Collins. The Columbia Heights Police Department, Minnesota Bureau of Criminal Apprehension and FBI are assisting in the search."", 'Authorities say they are searching the landfill for evidence to help them find Collins. ', '""Law enforcement remains committed to using all available resources to conduct a thorough investigation in order to find Manny and bring answers to his family,"" the sheriff\'s office said on X. ""This remains an active investigation and no further information is available at this time.""', 'Federal, state and local authorities are being utilized in the search for Collins. ', 'Law enforcement says they have a person of interest, but they are not currently an official suspect. ', 'Authorities were at the landfill through their own investigation, not through a tip, law enforcement said at a press conference Friday afternoon. Authorities are not currently searching any other landfills for their investigation. ', ""Authorities have attempted to get into contact with Collins' father, but officials at the press conference say they don't know how successful that has been. "", ""What we don't know:"", ""The sheriff's office says they cannot say what led them to investigate the landfill, which is approximately 30 miles northwest of Columbia Heights, where he was last seen. "", ""It's unclear whether any evidence has been located, but more than a dozen people appear to be searching through a pile of trash and debris. "", 'The search continues for 16-year-old Manny Collins, who is missing ""against his will."" After nearly a month, his mother continues to plead with Collins\' father for information regarding her only son\'s disappearance. FOX 9\'s Bill Keller has more on the story.', 'Timeline:', 'Here are the key dates authorities have mentioned so far in the search for Collins. ', 'The backstory:', 'Jordan ""Manny"" Collins Jr. was last seen on May 8 in the area of University Avenue and 49th Avenue Northeast in Columbia Heights. Collins is 5-foot-8 and 140 pounds with black hair and brown eyes. He was last wearing a ribbed tank top with red/black plaid pants. ', ""Collins' mother, Ashley Berry, said he was staying with his father at the time."", 'Police believe Collins went missing ""against his will"" and have a person of interest that they are not naming at this time. No one has been arrested or formally charged. ', ""Anyone with information about Collins' disappearance is urged to contact the BCA Tip Line at 1-877-996-6222 or bca.tips@state.mn.us."", 'Stay with FOX 9 for more information as it becomes available.', 'All the news you need to know, every day', 'By clicking Sign Up, I confirm\nthat I have read and agree\nto the Privacy Policy\nand Terms of Service.', '', 'This material may not be published, broadcast, rewritten, or redistributed. ©2025 FOX Television Stations']",U.S.,https://news.google.com/api/attachments/CC8iI0NnNVZUR0U1VTAxR05FOVlTVlU1VFJDZkF4ampCU2dLTWdB=-w280-h168-p-df
"Columbia Heights teen missing for three weeks likely being 'held against his will,' police say",https://www.redlakenationnews.com/story/2025/05/29/news/columbia-heights-teen-missing-for-three-weeks-likely-being-held-against-his-will-police-say/131736.html,"['BABAAMAAJIMOWINAN (TELLING OF NEWS IN DIFFERENT PLACES)', 'A ""person of interest"" has been identified but has not been helpful, the Anoka County sheriff said.', 'Jordan ""Manny"" Collins Jr. (Anoka County Sheriff\'s Office )', 'Law enforcement officials said Wednesday they suspect that a 16-year-old boy who has been missing for three weeks is being held ""against his will,"" adding that a ""person of interest"" has been identified.', 'Jordan ""Manny"" Collins Jr., of Columbia Heights, was last seen on May 8 near the 4900 block of University Avenue NE., the Anoka County Sheriff\'s Office said.', 'Collins is described as Black, 5-foot-8-inches tall and weighs 140 pounds, with black hair and brown eyes. At the time of his disappearance, he was wearing a white ribbed tank top with red and black plaid pants.', 'https://www.startribune.com/twin-cities-16-year-old-missing-for-3-weeks-likely-being-held-against-his-will-police-say/601363510', 'Powered by ROAR Online Publication Software from Lions Light Corporation\n© Copyright 2025']",U.S.,https://news.google.com/api/attachments/CC8iI0NnNVZUR0U1VTAxR05FOVlTVlU1VFJDZkF4ampCU2dLTWdB=-w280-h168-p-df
"Missing Twin Cities teen may have been taken ""against his will,"" and more headlines",https://www.cbsnews.com/minnesota/video/missing-twin-cities-teen-may-have-been-taken-against-his-will-and-more-headlines/,"['Watch CBS News', '©2025 CBS Broadcasting Inc. All Rights Reserved.']",U.S.,https://news.google.com/api/attachments/CC8iI0NnNVZUR0U1VTAxR05FOVlTVlU1VFJDZkF4ampCU2dLTWdB=-w280-h168-p-df
'Please just say something': Mother pleads for missing son who disappeared against his will,https://www.kare11.com/video/news/local/please-just-say-something-mother-pleads-for-missing-son-who-disappeared-against-his-will/89-3217c35d-1ee7-4583-a843-8608c1cf131b,"['', '', '', '', '', '', '', '', '']",U.S.,https://news.google.com/api/attachments/CC8iI0NnNVZUR0U1VTAxR05FOVlTVlU1VFJDZkF4ampCU2dLTWdB=-w280-h168-p-df
"Search continues for Manny Collins, missing Columbia Heights teen",https://www.fox9.com/video/1649602,"[""There's still no sign of Manny Collins as the Columbia Heights teenager has been missing for three weeks. FOX 9's Karen Scullin has the latest."", '', '', 'This material may not be published, broadcast, rewritten, or redistributed. ©2025 FOX Television Stations']",U.S.,https://news.google.com/api/attachments/CC8iI0NnNVZUR0U1VTAxR05FOVlTVlU1VFJDZkF4ampCU2dLTWdB=-w280-h168-p-df
Columbia Heights teen missing 'against his will' [RAW],https://www.fox9.com/video/1648733,"['A missing Columbia Heights teen is believed to be missing against his will, authorities said on Wednesday, as they urged anyone with information on the case to come forward.', '', '', 'This material may not be published, broadcast, rewritten, or redistributed. ©2025 FOX Television Stations']",U.S.,https://news.google.com/api/attachments/CC8iI0NnNVZUR0U1VTAxR05FOVlTVlU1VFJDZkF4ampCU2dLTWdB=-w280-h168-p-df
"Authorities search Elk River landfill in disappearance of Jordan ""Manny"" Collins Jr.",https://www.cbsnews.com/minnesota/news/authorities-search-elk-river-landfill-in-disappearance-of-jordan-manny-collins-jr/,"['Watch CBS News', 'Updated on: June 6, 2025 / 3:00 PM CDT / CBS Minnesota', 'A search involving multiple agencies is being conducted Friday north of the Twin Cities in the disappearance of 16-year-old Jordan Dupree Collins Jr., who went missing last month.', ""According to the Anoka County Sheriff's Office, the search is at the Waste Management Landfill in Elk River. "", 'Authorities believe Collins\' disappearance was ""against his will"" and a person of interest was identified, but no arrests have been announced.   ', '""At this point in our investigation, information has led us to search the landfill in Elk River,"" Commander Wayne Heath with the sheriff\'s office said in a news conference Friday afternoon. ""What we\'re looking for is evidence that can help us identify the whereabouts of Manny. That remains our goal, and we\'re committed to that.""', 'Heath added that Friday\'s search was for evidence, and not for human remains or a body. The sheriff\'s office said this is only one ""facet"" of the investigation, and officials are following up on other leads.', '""We\'re committed to finding Manny, and that\'s why we\'re throwing so many resources at the investigation,"" Heath said.', ""Agencies involved in the search include the Columbia Heights Police Department, Anoka County Sheriff's Office, Minnesota Bureau of Criminal Apprehension and Federal Bureau of Investigation.  "", ""In a press conference held in late May with Collins' family, Anoka County Sheriff Brad Wise says he doesn't think this is a case of a teenager running away. "", ""Collins — who is commonly known by the nickname, Manny — was last seen on May 8 near the 4900 block of University Avenue Northeast. An apartment building near the intersection is now under investigation. Ashley Berry, Collins' mother, says her son has lived at the building with his father since mid-April, with plans to return to her in June. "", ""Investigators have spoken with Collins' father multiple times. Wise didn't identify the person of interest on Wednesday, but noted no one is in custody and no criminal charges have been filed. "", 'Anyone with information is asked to call the Minnesota Bureau of Criminal Apprehension at 1-877-996-6222 or by email. ', ""Cole Premo is digital manager for CBS Minnesota. For more than a decade, he's been covering breaking news and weather, daily topics, stories from the Native community and more in Minnesota."", '© 2025 CBS Broadcasting Inc. All Rights Reserved.', '©2025 CBS Broadcasting Inc. All Rights Reserved.']",U.S.,https://news.google.com/api/attachments/CC8iI0NnNVZUR0U1VTAxR05FOVlTVlU1VFJDZkF4ampCU2dLTWdB=-w280-h168-p-df
"Police are looking for a missing teen, say ""he was taken against his will""",https://www.cbsnews.com/minnesota/video/police-are-looking-for-a-missing-teen-say-he-was-taken-against-his-will/,"['Watch CBS News', '©2025 CBS Broadcasting Inc. All Rights Reserved.']",U.S.,https://news.google.com/api/attachments/CC8iI0NnNVZUR0U1VTAxR05FOVlTVlU1VFJDZkF4ampCU2dLTWdB=-w280-h168-p-df
Mother of Manny Collins begs for answers in disappearance,https://www.fox9.com/video/1651989,"['FOX 9’s Karen Scullin sat down with Ashley Berry, the mother of missing Columbia Heights teen Manny Collins, as they continue to search for answers in the case.', '', '', 'This material may not be published, broadcast, rewritten, or redistributed. ©2025 FOX Television Stations']",U.S.,https://news.google.com/api/attachments/CC8iI0NnNVZUR0U1VTAxR05FOVlTVlU1VFJDZkF4ampCU2dLTWdB=-w280-h168-p-df
Missing Manny Collins: The latest on the search for him,https://www.fox9.com/video/1649366,"['A Columbia Heights teen is believed to be missing against his will. Jordan ""Manny"" Collins, 16, has now been missing for nearly three weeks. He was last seen on May 8 in the area of University Avenue and 49th Avenue NE in Columbia Heights.', '', '', 'This material may not be published, broadcast, rewritten, or redistributed. ©2025 FOX Television Stations']",U.S.,https://news.google.com/api/attachments/CC8iI0NnNVZUR0U1VTAxR05FOVlTVlU1VFJDZkF4ampCU2dLTWdB=-w280-h168-p-df
"Law enforcement are looking for a missing teen, believe he was taken against his will",https://www.cbsnews.com/minnesota/video/law-enforcement-are-looking-for-a-missing-teen-believe-he-was-taken-against-his-will/,"['Watch CBS News', '©2025 CBS Broadcasting Inc. All Rights Reserved.']",U.S.,https://news.google.com/api/attachments/CC8iI0NnNVZUR0U1VTAxR05FOVlTVlU1VFJDZkF4ampCU2dLTWdB=-w280-h168-p-df
Breaking: Law enforcement searching Elk River landfill in Manny Collins disappearance investigation,https://www.hometownsource.com/abc_newspapers/community/columbiaheights/breaking-law-enforcement-searching-elk-river-landfill-in-manny-collins-dissapearance-investigation/article_373e7f51-e2c4-4e40-8a30-41c7fefebe9d.html,"['', '', '', '', ""Per a recent post from the Anoka County Sherriff's Office, the ACSO, Columbia Heights Police Department, Minnesota Bureau of Criminal Apprehension and Federal Bureau of Criminal Investigation are conducting a search at the Waste Management Landfill in Elk River as part of the investigation into the disappearance of Manny Collins."", 'The investigation is still ongoing, and law enforcement remains committed to using all available resources to find Collins and bring answers to his family, the post said.', 'Staff Writer', 'Log In', '', ""Minnesota's Weekly News"", '', '', 'Would you like to receive our latest news? Signup today!', '', '', '', '', '', '', '', '', '', '', '', '', '', '', '', '', '', '', '', '', '', '', '', '', '', '', '', '', '', '', '', '', '', '', '', '', '', '', '', '', '', '', '']",U.S.,https://news.google.com/api/attachments/CC8iI0NnNVZUR0U1VTAxR05FOVlTVlU1VFJDZkF4ampCU2dLTWdB=-w280-h168-p-df
Missing Manny Collins: The latest on search efforts,https://www.fox9.com/video/1653944,"['FOX 9’s Karen Scullin joins All Day after checking in with the mother of Manny Collins, the missing 16-year-old who was last seen nearly a month ago. Anoka County Sheriff’s Office will provide an update on the case as investigators search a landfill in Elk River.', '', '', 'This material may not be published, broadcast, rewritten, or redistributed. ©2025 FOX Television Stations']",U.S.,https://news.google.com/api/attachments/CC8iI0NnNVZUR0U1VTAxR05FOVlTVlU1VFJDZkF4ampCU2dLTWdB=-w280-h168-p-df
